path,file,status,origin,first_seen_on
/images/logo.svg,assets/images/logo.svg,cached,live,/
/upload/images/%C3%A7ocuk.jpg,assets/upload/images/çocuk.jpg,cached,live,/
/upload/images/slider.jpg,assets/upload/images/slider.jpg,cached,live,/
/upload/images/vr-terapi.jpg,assets/upload/images/vr-terapi.jpg,cached,live,/
/upload/images/080C0248-0AAB-4D7E-9D47-419C9B1597DD.jpeg,assets/upload/images/080C0248-0AAB-4D7E-9D47-419C9B1597DD.jpeg,cached,live,/
/upload/images/mansetler/panik-atak-vr-emdr.jpg,assets/upload/images/mansetler/panik-atak-vr-emdr.jpg,cached,live,/
/upload/images/emdr-nedir.jpg,assets/upload/images/emdr-nedir.jpg,cached,live,/
/upload/images/brain-300x298.jpg,assets/upload/images/brain-300x298.jpg,cached,live,/
/upload/thumbs/images/istockphoto-1285788819-612x612.jpg,assets/upload/thumbs/images/istockphoto-1285788819-612x612.jpg,cached,live,/
/upload/thumbs/images/VR-Brain-Interface-Cover.jpg,assets/upload/thumbs/images/VR-Brain-Interface-Cover.jpg,cached,live,/
/upload/thumbs/images/Online-therapy-2.jpg,assets/upload/thumbs/images/Online-therapy-2.jpg,cached,live,/
/upload/thumbs/images/man-in-therapy.jpg,assets/upload/thumbs/images/man-in-therapy.jpg,cached,live,/
/upload/images/blog/neden-emdr.jpg,assets/upload/images/blog/neden-emdr.jpg,cached,live,/
/images/ArrowRight.png,assets/images/ArrowRight.png,cached,live,/
/upload/images/ekip/uzm-dr-mehmet-oguz.jpeg,assets/upload/images/ekip/uzm-dr-mehmet-oguz.jpeg,cached,live,/tr/ekibimiz
/upload/images/ekip/uzm-dr-nihan-oguz.jpeg,assets/upload/images/ekip/uzm-dr-nihan-oguz.jpeg,cached,live,/tr/ekibimiz
/upload/images/ekip/ahmet-koksal.jpeg,assets/upload/images/ekip/ahmet-koksal.jpeg,cached,live,/tr/ekibimiz
/upload/images/bizden-kareler/1.jpeg,assets/upload/images/bizden-kareler/1.jpeg,cached,live,/tr/hakkimizda
/images/overlay_zoom.png,assets/images/overlay_zoom.png,cached,live,/tr/hakkimizda
/upload/images/bizden-kareler/2.jpeg,assets/upload/images/bizden-kareler/2.jpeg,cached,live,/tr/hakkimizda
/upload/images/bizden-kareler/3.jpeg,assets/upload/images/bizden-kareler/3.jpeg,cached,live,/tr/hakkimizda
/upload/images/bizden-kareler/4.jpeg,assets/upload/images/bizden-kareler/4.jpeg,cached,live,/tr/hakkimizda
/upload/images/bizden-kareler/5.jpeg,assets/upload/images/bizden-kareler/5.jpeg,cached,live,/tr/hakkimizda
/upload/images/istockphoto-1285788819-612x612.jpg,assets/upload/images/istockphoto-1285788819-612x612.jpg,cached,live,/tr/calisma-alanlarimiz
/upload/images/VR-Brain-Interface-Cover.jpg,assets/upload/images/VR-Brain-Interface-Cover.jpg,cached,live,/tr/calisma-alanlarimiz
/upload/images/Online-therapy-2.jpg,assets/upload/images/Online-therapy-2.jpg,cached,live,/tr/calisma-alanlarimiz
/upload/images/man-in-therapy.jpg,assets/upload/images/man-in-therapy.jpg,cached,live,/tr/calisma-alanlarimiz
/upload/images/HAYAT.jpg,assets/upload/images/HAYAT.jpg,cached,live,/tr/makalelerimiz
/upload/images/calismaalanlarimiz/kayg%C4%B1bozuklugu.jpg,assets/upload/images/calismaalanlarimiz/kaygıbozuklugu.jpg,cached,live,/tr/kaygi-bozukluklari
/upload/images/panik-atak.jpg,assets/upload/images/panik-atak.jpg,cached,live,/tr/panik-atak
/upload/images/depresyon.jpg,assets/upload/images/depresyon.jpg,cached,live,/tr/depresyon
/upload/images/travma.png,assets/upload/images/travma.png,cached,live,/tr/travma-sonrasi-stres-bozuklugu
/upload/images/calismaalanlarimiz/kisilikbozuklugu.jpg,assets/upload/images/calismaalanlarimiz/kisilikbozuklugu.jpg,cached,live,/tr/kisilik-bozukluklari
/upload/images/calismaalanlarimiz/obsesifbozukluk.jpg,assets/upload/images/calismaalanlarimiz/obsesifbozukluk.jpg,cached,live,/tr/obsesif--kompulsif-bozukluk
/upload/images/calismaalanlarimiz/yemebozukluklari.jpg,assets/upload/images/calismaalanlarimiz/yemebozukluklari.jpg,cached,live,/tr/yeme-bozukluklari
/upload/images/calismaalanlarimiz/psikosomatikbozukluk.jpg,assets/upload/images/calismaalanlarimiz/psikosomatikbozukluk.jpg,cached,live,/tr/psikosomatik-bozukluklar
/upload/images/calismaalanlarimiz/uyumproblemleri.jpg,assets/upload/images/calismaalanlarimiz/uyumproblemleri.jpg,cached,live,/tr/uyum-problemleri
/upload/images/calismaalanlarimiz/davranis-bozuklugu.jpg,assets/upload/images/calismaalanlarimiz/davranis-bozuklugu.jpg,cached,live,/tr/davranis-bozukluklari
/de/admin/img/resim_yok.png,,missing (404),,/de/online-bireysel-terapi
/upload/images/aile-iliskileri.jpg,assets/upload/images/aile-iliskileri.jpg,cached,live,/tr/aile-iliskileri
/upload/images/ayrilik-kaygisi.jpg,assets/upload/images/ayrilik-kaygisi.jpg,cached,live,/tr/ayrilik-kaygisi
/upload/images/calismaalanlarimiz/cinselsorunlar.jpg,assets/upload/images/calismaalanlarimiz/cinselsorunlar.jpg,cached,live,/tr/cinsel-sorunlar
/upload/images/sinav-kaygisi.jpg,assets/upload/images/sinav-kaygisi.jpg,cached,live,/tr/ders-basarisizligi-ve-sinav-kaygisi
/upload/images/calismaalanlarimiz/hamilelikte-depresyon.jpg,assets/upload/images/calismaalanlarimiz/hamilelikte-depresyon.jpg,cached,live,/tr/hamilelik-sureci-ve-sonrasi--depresyon
/upload/images/calismaalanlarimiz/evlilikiliskisorunlar%C4%B1.jpg,assets/upload/images/calismaalanlarimiz/evlilikiliskisorunları.jpg,cached,live,/tr/iliski-ve-evlilik-sorunlari
/upload/images/calismaalanlarimiz/is-yasamina-iliskin-sorunlar.jpg,assets/upload/images/calismaalanlarimiz/is-yasamina-iliskin-sorunlar.jpg,cached,live,/tr/is-yasamina-iliskin-sorunlar
/upload/images/ofke-kontrolu.jpg,assets/upload/images/ofke-kontrolu.jpg,cached,live,/tr/ofke-kontrolu
/upload/images/okula-uyum.jpg,assets/upload/images/okula-uyum.jpg,cached,live,/tr/okula-uyum
/upload/images/calismaalanlarimiz/streslebasac%C4%B1kabilme.jpg,assets/upload/images/calismaalanlarimiz/streslebasacıkabilme.jpg,cached,live,/tr/stresle-basa-cikma-ve-ofke-kontrolu
/upload/images/calismaalanlarimiz/yassureci.jpg,assets/upload/images/calismaalanlarimiz/yassureci.jpg,cached,live,/tr/yas-sureci
/assets/upload/bedensel-belirtilerle-giden-psikiyartik-bozukluklarda-emdr-tedavisi2.jpg,,missing (404),,wayback:/bedensel-belirtilerle-giden-psikiyatrik-bozukluklarda-emdr-tedavisi-emdr/
/assets/images/insta.png,assets/assets/images/insta.png,cached,live,wayback:/belgelerimiz
/upload/files/files_2018-05-28_13-37-36.png,assets/upload/files/files_2018-05-28_13-37-36.png,cached,live,wayback:/belgelerimiz
/upload/content/content_2018-06-21_14-31-24.jpg,,missing (404),,wayback:/belgelerimiz
/upload/content/content_2018-06-21_14-31-27.jpg,,missing (404),,wayback:/belgelerimiz
/upload/content/content_2018-06-21_14-31-31.jpg,,missing (404),,wayback:/belgelerimiz
/upload/content/content_2018-06-21_14-31-36.jpg,,missing (404),,wayback:/belgelerimiz
/upload/content/content_2018-06-21_14-31-39.jpg,,missing (404),,wayback:/belgelerimiz
/upload/content/content_2018-06-22_15-53-20.jpg,,missing (404),,wayback:/belgelerimiz
/upload/content/content_2018-06-22_15-54-29.jpg,,missing (404),,wayback:/belgelerimiz
/upload/content/content_2018-06-22_15-52-52.jpg,,missing (404),,wayback:/belgelerimiz
/upload/content/content_2018-06-22_15-53-55.jpg,,missing (404),,wayback:/belgelerimiz
/upload/content/content_2018-06-22_15-53-39.jpg,,missing (404),,wayback:/belgelerimiz
/assets/images/oscar.svg,assets/assets/images/oscar.svg,cached,live,wayback:/belgelerimiz
/assets/images/egegen.svg,assets/assets/images/egegen.svg,cached,live,wayback:/belgelerimiz
/upload/content/content_2018-06-21_14-15-45.jpg,assets/upload/content/content_2018-06-21_14-15-45.jpg,cached,live,wayback:/belgelerimiz
/upload/content/content_2018-06-02_15-18-37.jpeg,assets/upload/content/content_2018-06-02_15-18-37.jpeg,cached,live,wayback:/bir-soru-ustune
/assets/images/edmrBg.jpg,assets/assets/images/edmrBg.jpg,cached,live,wayback:/bir-soru-ustune
/upload/content/content_2018-06-07_13-30-03.jpg,assets/upload/content/content_2018-06-07_13-30-03.jpg,cached,live,wayback:/ekibimiz
/upload/content/content_2018-05-24_13-19-36.jpg,assets/upload/content/content_2018-05-24_13-19-36.jpg,cached,live,wayback:/ekibimiz
/upload/article/emdr.jpg,assets/upload/article/emdr.jpg,cached,live,wayback:/emdr-nedir
/upload/content/content_2018-05-22_22-58-25.jpg,assets/upload/content/content_2018-05-22_22-58-25.jpg,cached,live,wayback:/emdr-nedir
/upload/content/content_2018-06-05_13-26-201.jpg,assets/upload/content/content_2018-06-05_13-26-201.jpg,cached,live,wayback:/emdr-nin-tanimi-ve-1980-lerden-gunumuze-dunyadaki-yeri
/upload/content/content_2018-05-25_12-29-51.png,assets/upload/content/content_2018-05-25_12-29-51.png,cached,live,wayback:/hakkimda
/upload/content/content_2018-05-22_22-58-16.jpg,assets/upload/content/content_2018-05-22_22-58-16.jpg,cached,live,wayback:/hakkimda
/_cache/croped/content_2018-08-03_13-22-52-232x152.jpg,assets/_cache/croped/content_2018-08-03_13-22-52-232x152.jpg,cached,live,wayback:/makaleler
/_cache/croped/content_2018-07-27_13-20-58-232x152.jpg,assets/_cache/croped/content_2018-07-27_13-20-58-232x152.jpg,cached,live,wayback:/makaleler
/_cache/croped/content_2018-07-27_12-22-06-232x152.jpg,assets/_cache/croped/content_2018-07-27_12-22-06-232x152.jpg,cached,live,wayback:/makaleler
/_cache/croped/content_2018-07-27_12-03-49-232x152.jpg,assets/_cache/croped/content_2018-07-27_12-03-49-232x152.jpg,cached,live,wayback:/makaleler
/_cache/croped/content_2018-07-26_18-38-12-232x152.jpg,assets/_cache/croped/content_2018-07-26_18-38-12-232x152.jpg,cached,live,wayback:/makaleler
/_cache/croped/content_2018-07-01_22-40-29-232x152.jpg,assets/_cache/croped/content_2018-07-01_22-40-29-232x152.jpg,cached,live,wayback:/makaleler
/_cache/croped/content_2018-06-05_13-26-201-232x152.jpg,assets/_cache/croped/content_2018-06-05_13-26-201-232x152.jpg,cached,live,wayback:/makaleler
/_cache/croped/content_2018-06-02_15-02-57-232x152.jpg,assets/_cache/croped/content_2018-06-02_15-02-57-232x152.jpg,cached,live,wayback:/makaleler
/_cache/croped/content_2018-06-02_15-01-58-232x152.jpg,assets/_cache/croped/content_2018-06-02_15-01-58-232x152.jpg,cached,live,wayback:/makaleler
/_cache/croped/content_2018-06-02_15-18-37-232x152.jpeg,assets/_cache/croped/content_2018-06-02_15-18-37-232x152.jpeg,cached,live,wayback:/makaleler
/upload/content/content_2018-05-22_22-58-05.jpg,assets/upload/content/content_2018-05-22_22-58-05.jpg,cached,live,wayback:/makaleler
/upload/content/content_2018-05-30_17-45-52.jpg,assets/upload/content/content_2018-05-30_17-45-52.jpg,cached,live,wayback:/medya
/upload/content/content_2018-06-02_15-02-57.jpg,assets/upload/content/content_2018-06-02_15-02-57.jpg,cached,live,wayback:/neden-emdr
/upload/content/content_2018-06-02_15-01-58.jpg,assets/upload/content/content_2018-06-02_15-01-58.jpg,ok,archive.org,wayback:/seans-sureleri-ve-sikligi
/assets/upload/content_2018-09-15_17-49-46.jpg,,missing (404),,wayback:/soner-yalcin-in-karakutu-isimli-kitabina-psikiyatri-ve-psikoloji-bilimi-adina-tepkimiz/
