path,lang,source,classification,https_www,location,https_bare,http_www,http_bare,title,h1,meta_description,canonical,word_count,documents,redirect_rule,redirect_target,live_file,wayback_latest,wayback_file,wayback_title,wayback_words,wix2017_file,google,duckduckgo
/de,de,_redirects,404,404,,404,301 → https://www.emdrizmir.com/de,301 → https://emdrizmir.com/de,,,,,,,/de,/de/,,,,,,,,
/de/,de,seed,home,200,,200,301 → https://www.emdrizmir.com/de/,301 → https://emdrizmir.com/de/,EMDR IZMIR,OUR SERVICES |  |  |  |  |  |  | Client Comments,,,356,,,,live/de/index.html,20260513200413,,,,,evet,
/de/bireysel-yetiskin-psikoterapisi,de,link from /de/,page,200,,200,301 → https://www.emdrizmir.com/de/bireysel-yetiskin-psikoterapisi,301 → https://emdrizmir.com/de/bireysel-yetiskin-psikoterapisi,- EMDR IZMIR,,,,0,,,,live/de/bireysel-yetiskin-psikoterapisi.html,,,,,,,
/de/blog,de,link from /de/,page,200,,200,301 → https://www.emdrizmir.com/de/blog,301 → https://emdrizmir.com/de/blog,BLOG - EMDR IZMIR,Blog,,,188,,,,live/de/blog.html,,,,,,,
/de/cift-aile-terapisi,de,link from /de/,page,200,,200,301 → https://www.emdrizmir.com/de/cift-aile-terapisi,301 → https://emdrizmir.com/de/cift-aile-terapisi,- EMDR IZMIR,,,,0,,,,live/de/cift-aile-terapisi.html,,,,,,,
/de/client-comments,de,link from /de/,soft404,200,,200,301 → https://www.emdrizmir.com/de/client-comments,301 → https://emdrizmir.com/de/client-comments,,,,,,,,,,,,,,,,
/de/cocuk-ve-ergen-terapisi-,de,link from /de/,page,200,,200,301 → https://www.emdrizmir.com/de/cocuk-ve-ergen-terapisi-,301 → https://emdrizmir.com/de/cocuk-ve-ergen-terapisi-,- EMDR IZMIR,,,,0,,,,live/de/cocuk-ve-ergen-terapisi-.html,,,,,,,
/de/kontakt,de,_redirects,page,200,,200,301 → https://www.emdrizmir.com/de/kontakt,301 → https://emdrizmir.com/de/kontakt,KONTAKT - EMDR IZMIR,,,,15,,/de/kontakt,/de/#iletisim,live/de/kontakt.html,,,,,,evet,
/de/medien,de,_redirects,page,200,,200,301 → https://www.emdrizmir.com/de/medien,301 → https://emdrizmir.com/de/medien,MEDIEN - EMDR IZMIR,,,,0,,/de/medien,/de/,live/de/medien.html,,,,,,evet,
/de/online-bireysel-terapi,de,archive.org,page,200,,200,301 → https://www.emdrizmir.com/de/online-bireysel-terapi,301 → https://emdrizmir.com/de/online-bireysel-terapi,- EMDR IZMIR,,,,0,,,,live/de/online-bireysel-terapi.html,20250422171106,,,,,evet,
/de/psikoterapi-ve-psikolojik-danismanlik-hizmetleri,de,archive.org,page,200,,200,301 → https://www.emdrizmir.com/de/psikoterapi-ve-psikolojik-danismanlik-hizmetleri,301 → https://emdrizmir.com/de/psikoterapi-ve-psikolojik-danismanlik-hizmetleri,- EMDR IZMIR,,,,0,,,,live/de/psikoterapi-ve-psikolojik-danismanlik-hizmetleri.html,20250617103626,,,,,evet,
/de/sanal-gerceklik-vr-ile-alistirma--exposure-tedavisi,de,link from /de/,page,200,,200,301 → https://www.emdrizmir.com/de/sanal-gerceklik-vr-ile-alistirma--exposure-tedavisi,301 → https://emdrizmir.com/de/sanal-gerceklik-vr-ile-alistirma--exposure-tedavisi,- EMDR IZMIR,,,,0,,,,live/de/sanal-gerceklik-vr-ile-alistirma--exposure-tedavisi.html,,,,,,,
/de/terminformular,de,tahmin,page,200,,200,301 → https://www.emdrizmir.com/de/terminformular,301 → https://emdrizmir.com/de/terminformular,Terminformular - EMDR IZMIR,RANDEVU FORMU,,,62,,,,live/de/terminformular.html,,,,,,,
/de/uber-uns,de,_redirects,page,200,,200,301 → https://www.emdrizmir.com/de/uber-uns,301 → https://emdrizmir.com/de/uber-uns,ÜBER UNS - EMDR IZMIR,,,,0,,/de/uber-uns,/de/#ekip,live/de/uber-uns.html,20250815175128,,,,,evet,
/de/unser-team,de,_redirects,page,200,,200,301 → https://www.emdrizmir.com/de/unser-team,301 → https://emdrizmir.com/de/unser-team,UNSER TEAM - EMDR IZMIR,,,,549,,/de/unser-team,/de/#ekip,live/de/unser-team.html,20250422164952,,,,,evet,
/de/unsere-artikel,de,_redirects,page,200,,200,301 → https://www.emdrizmir.com/de/unsere-artikel,301 → https://emdrizmir.com/de/unsere-artikel,UNSERE ARTIKEL - EMDR IZMIR,ARTICLES,,,502,,/de/unsere-artikel,/de/#makaleler,live/de/unsere-artikel.html,,,,,,evet,
/de/unsere-dokumente,de,_redirects,page,200,,200,301 → https://www.emdrizmir.com/de/unsere-dokumente,301 → https://emdrizmir.com/de/unsere-dokumente,UNSERE DOKUMENTE - EMDR IZMIR,,,,0,,/de/unsere-dokumente,/de/,live/de/unsere-dokumente.html,,,,,,evet,
/de/unsere-studienbereiche,de,_redirects,page,200,,200,301 → https://www.emdrizmir.com/de/unsere-studienbereiche,301 → https://emdrizmir.com/de/unsere-studienbereiche,UNSERE STUDIENBEREICHE - EMDR IZMIR,Study Areas,,,58,,/de/unsere-studienbereiche,/de/#hizmetler,live/de/unsere-studienbereiche.html,20250815175023,,,,,evet,
/de/videos,de,link from /de/,page,200,,200,301 → https://www.emdrizmir.com/de/videos,301 → https://emdrizmir.com/de/videos,VIDEOS - EMDR IZMIR,VIDEOS,,,0,,,,live/de/videos.html,,,,,,,
/en,en,_redirects,404,404,,404,301 → https://www.emdrizmir.com/en,301 → https://emdrizmir.com/en,,,,,,,/en,/en/,,,,,,,,
/en/,en,seed,home,200,,200,301 → https://www.emdrizmir.com/en/,301 → https://emdrizmir.com/en/,EMDR IZMIR,OUR SERVICES |  |  |  |  |  |  | Client Comments,,,362,,,,live/en/index.html,20260513182817,,,,,evet,evet
/en/about-us,en,_redirects,page,200,,200,301 → https://www.emdrizmir.com/en/about-us,301 → https://emdrizmir.com/en/about-us,ABOUT US - EMDR IZMIR,ABOUT US,,,288,,/en/about-us,/en/#ekip,live/en/about-us.html,,,,,,evet,evet
/en/adaptation-problems,en,google,page,200,,200,301 → https://www.emdrizmir.com/en/adaptation-problems,301 → https://emdrizmir.com/en/adaptation-problems,Adaptation Problems - EMDR IZMIR,Adaptation Problems,,,49,,,,live/en/adaptation-problems.html,,,,,,evet,
/en/anger-management,en,tahmin,page,200,,200,301 → https://www.emdrizmir.com/en/anger-management,301 → https://emdrizmir.com/en/anger-management,Anger Management - EMDR IZMIR,Anger Management,,,103,,,,live/en/anger-management.html,,,,,,,
/en/anxiety-disorders,en,google,page,200,,200,301 → https://www.emdrizmir.com/en/anxiety-disorders,301 → https://emdrizmir.com/en/anxiety-disorders,Anxiety Disorders - EMDR IZMIR,Anxiety Disorders,,,206,,,,live/en/anxiety-disorders.html,,,,,,evet,
/en/appointment-form,en,tahmin,page,200,,200,301 → https://www.emdrizmir.com/en/appointment-form,301 → https://emdrizmir.com/en/appointment-form,Appointment Form - EMDR IZMIR,RANDEVU FORMU,,,61,,,,live/en/appointment-form.html,,,,,,,
/en/articles,en,_redirects,page,200,,200,301 → https://www.emdrizmir.com/en/articles,301 → https://emdrizmir.com/en/articles,ARTICLES - EMDR IZMIR,ARTICLES,,,501,,/en/articles,/en/#makaleler,live/en/articles.html,,,,,,evet,
/en/behaviour-disorders,en,google,page,200,,200,301 → https://www.emdrizmir.com/en/behaviour-disorders,301 → https://emdrizmir.com/en/behaviour-disorders,Behaviour Disorders - EMDR IZMIR,Behaviour Disorders,,,28,,,,live/en/behaviour-disorders.html,,,,,,evet,
/en/bireysel-yetiskin-psikoterapisi,en,link from /de/,soft404,200,,200,301 → https://www.emdrizmir.com/en/bireysel-yetiskin-psikoterapisi,301 → https://emdrizmir.com/en/bireysel-yetiskin-psikoterapisi,,,,,,,,,,,,,,,,
/en/blog,en,_redirects,page,200,,200,301 → https://www.emdrizmir.com/en/blog,301 → https://emdrizmir.com/en/blog,BLOG - EMDR IZMIR,Blog,,,187,,/en/blog,/en/#neden,live/en/blog.html,,,,,,evet,evet
/en/caused-by-brain-tumors-psychiatric-tables-two-case-reports,en,search-index,page,200,,200,301 → https://www.emdrizmir.com/en/caused-by-brain-tumors-psychiatric-tables-two-case-reports,301 → https://emdrizmir.com/en/caused-by-brain-tumors-psychiatric-tables-two-case-reports,Caused by Brain Tumors Psychiatric Tables: Two Case Reports - EMDR IZMIR,Caused by Brain Tumors Psychiatric Tables: Two Case Reports,,,2287,,,,live/en/caused-by-brain-tumors-psychiatric-tables-two-case-reports.html,,,,,,evet,
/en/cift-aile-terapisi,en,link from /de/,soft404,200,,200,301 → https://www.emdrizmir.com/en/cift-aile-terapisi,301 → https://emdrizmir.com/en/cift-aile-terapisi,,,,,,,,,,,,,,,,
/en/client-comments,en,_redirects,page,200,,200,301 → https://www.emdrizmir.com/en/client-comments,301 → https://emdrizmir.com/en/client-comments,Client Comments - EMDR IZMIR,,,,282,,/en/client-comments,/en/,live/en/client-comments.html,20250422164045,,,,,evet,
/en/cocuk-ve-ergen-terapisi-,en,archive.org,soft404,200,,200,301 → https://www.emdrizmir.com/en/cocuk-ve-ergen-terapisi-,301 → https://emdrizmir.com/en/cocuk-ve-ergen-terapisi-,,,,,,,,,,20241003235552,,(boş ya da yalnızca ana sayfa kopyası),,,,
/en/contact,en,_redirects,page,200,,200,301 → https://www.emdrizmir.com/en/contact,301 → https://emdrizmir.com/en/contact,CONTACT - EMDR IZMIR,CONTACT,,,41,,/en/contact,/en/#iletisim,live/en/contact.html,,,,,,evet,evet
/en/coping-with-stress-and-anger-management,en,tahmin,page,200,,200,301 → https://www.emdrizmir.com/en/coping-with-stress-and-anger-management,301 → https://emdrizmir.com/en/coping-with-stress-and-anger-management,Coping with Stress and Anger Management - EMDR IZMIR,Coping with Stress and Anger Management,,,67,,,,live/en/coping-with-stress-and-anger-management.html,,,,,,,
/en/corporate,en,_redirects,page,200,,200,301 → https://www.emdrizmir.com/en/corporate,301 → https://emdrizmir.com/en/corporate,CORPORATE - EMDR IZMIR,CORPORATE,,,0,,/en/corporate,/en/#ekip,live/en/corporate.html,20250422165918,,,,,evet,
/en/course-failure-and-exam-anxiety,en,google,page,200,,200,301 → https://www.emdrizmir.com/en/course-failure-and-exam-anxiety,301 → https://emdrizmir.com/en/course-failure-and-exam-anxiety,Course Failure And Exam Anxiety - EMDR IZMIR,Course Failure And Exam Anxiety,,,54,,,,live/en/course-failure-and-exam-anxiety.html,,,,,,evet,
/en/covid-19-and-mental-change-to-be-or-not-to-be-,en,link from /en/articles,page,200,,200,301 → https://www.emdrizmir.com/en/covid-19-and-mental-change-to-be-or-not-to-be-,301 → https://emdrizmir.com/en/covid-19-and-mental-change-to-be-or-not-to-be-,Covid-19 and Mental Change: to be or not to be! - EMDR IZMIR,Covid-19 and Mental Change: to be or not to be!,,,950,,,,live/en/covid-19-and-mental-change-to-be-or-not-to-be-.html,,,,,,,
/en/delirium-due-to-viral-encephalitis-a-case-report,en,search-index,page,200,,200,301 → https://www.emdrizmir.com/en/delirium-due-to-viral-encephalitis-a-case-report,301 → https://emdrizmir.com/en/delirium-due-to-viral-encephalitis-a-case-report,Delirium Due to Viral Encephalitis: A Case Report - EMDR IZMIR,Delirium Due to Viral Encephalitis: A Case Report,,,3254,,,,live/en/delirium-due-to-viral-encephalitis-a-case-report.html,,,,,,evet,
/en/diaper-fetishism-due-to-a-case,en,archive.org,page,200,,200,301 → https://www.emdrizmir.com/en/diaper-fetishism-due-to-a-case,301 → https://emdrizmir.com/en/diaper-fetishism-due-to-a-case,Diaper Fetishism Due to A Case - EMDR IZMIR,Diaper Fetishism Due to A Case,,,3540,,,,live/en/diaper-fetishism-due-to-a-case.html,20231015202401,,,,,evet,
/en/documents,en,archive.org,page,200,,200,301 → https://www.emdrizmir.com/en/documents,301 → https://emdrizmir.com/en/documents,DOCUMENTS - EMDR IZMIR,DOCUMENTS,,,0,,,,live/en/documents.html,20250718044410,,,,,evet,
/en/eating-disorders,en,google,page,200,,200,301 → https://www.emdrizmir.com/en/eating-disorders,301 → https://emdrizmir.com/en/eating-disorders,Eating Disorders - EMDR IZMIR,Eating Disorders,,,57,,,,live/en/eating-disorders.html,,,,,,evet,
/en/family-relations,en,tahmin,page,200,,200,301 → https://www.emdrizmir.com/en/family-relations,301 → https://emdrizmir.com/en/family-relations,Family Relations - EMDR IZMIR,Family Relations,,,117,,,,live/en/family-relations.html,,,,,,,
/en/institution,en,search-index,soft404,200,,200,301 → https://www.emdrizmir.com/en/institution,301 → https://emdrizmir.com/en/institution,,,,,,,,,,,,,,,,evet
/en/kontakt,en,link from /de/,soft404,200,,200,301 → https://www.emdrizmir.com/en/kontakt,301 → https://emdrizmir.com/en/kontakt,,,,,,,,,,,,,,,,
/en/media,en,archive.org,page,200,,200,301 → https://www.emdrizmir.com/en/media,301 → https://emdrizmir.com/en/media,MEDIA - EMDR IZMIR,MEDIA,,,0,,,,live/en/media.html,20250617112410,,,,,evet,
/en/neden-emdr,en,link from /de/,soft404,200,,200,301 → https://www.emdrizmir.com/en/neden-emdr,301 → https://emdrizmir.com/en/neden-emdr,,,,,,,,,,,,,,,,
/en/obsessive-compulsive-disorder,en,tahmin,page,200,,200,301 → https://www.emdrizmir.com/en/obsessive-compulsive-disorder,301 → https://emdrizmir.com/en/obsessive-compulsive-disorder,Obsessive-Compulsive Disorder - EMDR IZMIR,Obsessive-Compulsive Disorder,,,72,,,,live/en/obsessive-compulsive-disorder.html,,,,,,,
/en/online-bireysel-terapi,en,archive.org,soft404,200,,200,301 → https://www.emdrizmir.com/en/online-bireysel-terapi,301 → https://emdrizmir.com/en/online-bireysel-terapi,,,,,,,,,,20250815173723,,(boş ya da yalnızca ana sayfa kopyası),,,,
/en/our-team,en,_redirects,page,200,,200,301 → https://www.emdrizmir.com/en/our-team,301 → https://emdrizmir.com/en/our-team,OUR TEAM - EMDR IZMIR,OUR TEAM,,,549,,/en/our-team,/en/#ekip,live/en/our-team.html,20250617105607,,,,,evet,
/en/panic-attack,en,google,page,200,,200,301 → https://www.emdrizmir.com/en/panic-attack,301 → https://emdrizmir.com/en/panic-attack,Panic Attack - EMDR IZMIR,Panic Attack,,,67,,,,live/en/panic-attack.html,,,,,,evet,
/en/personality-disorder,en,google,page,200,,200,301 → https://www.emdrizmir.com/en/personality-disorder,301 → https://emdrizmir.com/en/personality-disorder,Personality Disorder - EMDR IZMIR,Personality Disorder,,,60,,,,live/en/personality-disorder.html,,,,,,evet,
/en/post-traumatic-stress-disorder,en,tahmin,page,200,,200,301 → https://www.emdrizmir.com/en/post-traumatic-stress-disorder,301 → https://emdrizmir.com/en/post-traumatic-stress-disorder,Post-Traumatic Stress Disorder - EMDR IZMIR,Post-Traumatic Stress Disorder,,,84,,,,live/en/post-traumatic-stress-disorder.html,,,,,,,
/en/problems-regarding-business-life,en,google,page,200,,200,301 → https://www.emdrizmir.com/en/problems-regarding-business-life,301 → https://emdrizmir.com/en/problems-regarding-business-life,Problems Regarding Business Life - EMDR IZMIR,Problems Regarding Business Life,,,35,,,,live/en/problems-regarding-business-life.html,,,,,,evet,
/en/psikoterapi-ve-psikolojik-danismanlik-hizmetleri,en,link from /de/,soft404,200,,200,301 → https://www.emdrizmir.com/en/psikoterapi-ve-psikolojik-danismanlik-hizmetleri,301 → https://emdrizmir.com/en/psikoterapi-ve-psikolojik-danismanlik-hizmetleri,,,,,,,,,,,,,,,,
/en/psychosomatic-disorders,en,google,page,200,,200,301 → https://www.emdrizmir.com/en/psychosomatic-disorders,301 → https://emdrizmir.com/en/psychosomatic-disorders,Psychosomatic Disorders - EMDR IZMIR,Psychosomatic Disorders,,,64,,,,live/en/psychosomatic-disorders.html,,,,,,evet,
/en/relationship-and-marriage-problems,en,google,page,200,,200,301 → https://www.emdrizmir.com/en/relationship-and-marriage-problems,301 → https://emdrizmir.com/en/relationship-and-marriage-problems,Relationship and Marriage Problems - EMDR IZMIR,Relationship and Marriage Problems,,,43,,,,live/en/relationship-and-marriage-problems.html,,,,,,evet,
/en/sanal-gerceklik-vr-ile-alistirma--exposure-tedavisi,en,link from /de/,soft404,200,,200,301 → https://www.emdrizmir.com/en/sanal-gerceklik-vr-ile-alistirma--exposure-tedavisi,301 → https://emdrizmir.com/en/sanal-gerceklik-vr-ile-alistirma--exposure-tedavisi,,,,,,,,,,,,,,,,
/en/separation-anxiety,en,google,page,200,,200,301 → https://www.emdrizmir.com/en/separation-anxiety,301 → https://emdrizmir.com/en/separation-anxiety,Separation Anxiety - EMDR IZMIR,Separation Anxiety,,,84,,,,live/en/separation-anxiety.html,,,,,,evet,
/en/sexual-problems,en,google,page,200,,200,301 → https://www.emdrizmir.com/en/sexual-problems,301 → https://emdrizmir.com/en/sexual-problems,Sexual Problems - EMDR IZMIR,Sexual Problems,,,95,,,,live/en/sexual-problems.html,,,,,,,
/en/study-areas,en,_redirects,page,200,,200,301 → https://www.emdrizmir.com/en/study-areas,301 → https://emdrizmir.com/en/study-areas,STUDY AREAS - EMDR IZMIR,Study Areas,,,57,,/en/study-areas,/en/#hizmetler,live/en/study-areas.html,20241003222411,,,,,evet,
/en/the-mourning-process,en,google,page,200,,200,301 → https://www.emdrizmir.com/en/the-mourning-process,301 → https://emdrizmir.com/en/the-mourning-process,The Mourning Process - EMDR IZMIR,The Mourning Process,,,87,,,,live/en/the-mourning-process.html,,,,,,evet,
/en/the-pregnancy-process-and-its-consequences---depression,en,google,page,200,,200,301 → https://www.emdrizmir.com/en/the-pregnancy-process-and-its-consequences---depression,301 → https://emdrizmir.com/en/the-pregnancy-process-and-its-consequences---depression,The Pregnancy Process and Its Consequences - Depression - EMDR IZMIR,The Pregnancy Process and Its Consequences - Depression,,,48,,,,live/en/the-pregnancy-process-and-its-consequences---depression.html,,,,,,evet,
/en/unsere-artikel,en,link from /de/,soft404,200,,200,301 → https://www.emdrizmir.com/en/unsere-artikel,301 → https://emdrizmir.com/en/unsere-artikel,,,,,,,,,,,,,,,,
/en/unsere-studienbereiche,en,link from /de/,soft404,200,,200,301 → https://www.emdrizmir.com/en/unsere-studienbereiche,301 → https://emdrizmir.com/en/unsere-studienbereiche,,,,,,,,,,,,,,,,
/en/videos,en,archive.org,page,200,,200,301 → https://www.emdrizmir.com/en/videos,301 → https://emdrizmir.com/en/videos,VIDEOS - EMDR IZMIR,VIDEOS,,,0,,,,live/en/videos.html,20241003221357,,,,,evet,
/en/why--emdr,en,_redirects,page,200,,200,301 → https://www.emdrizmir.com/en/why--emdr,301 → https://emdrizmir.com/en/why--emdr,WHY EMDR - EMDR IZMIR,WHY EMDR,,,420,,/en/why--emdr,/en/#neden,live/en/why--emdr.html,,,,,,evet,evet
/fr,fr,_redirects,404,404,,404,301 → https://www.emdrizmir.com/fr,301 → https://emdrizmir.com/fr,,,,,,,/fr,/fr/,,,,,,,,
/fr/,fr,seed,soft404,200,,200,301 → https://www.emdrizmir.com/fr/,301 → https://emdrizmir.com/fr/,,,,,,,,,,,,,,,,
/tr,tr,_redirects,404,404,,404,301 → https://www.emdrizmir.com/tr,301 → https://emdrizmir.com/tr,,,,,,,/tr,/,,,,,,,,
/tr/,tr,seed,home,200,,200,301 → https://www.emdrizmir.com/tr/,301 → https://emdrizmir.com/tr/,EMDR İZMİR,EMDR Nedir | Çalışma Alanlarımız | BİREYSEL YETİŞKİN PSİKOTERAPİSİ | ÇİFT AİLE TERAPİSİ | SANAL GERÇEKLİK (VR) İLE ALIŞTIRMA (EXPOSURE) TEDAVİSİ | Online Bireysel Terapi | Psikoterapi ve Psikolojik Danışmanlık Hizmetleri | ÇOCUK VE ERGEN TERAPİSİ | Danışan Yorumları,,,511,,/tr/*,/,live/tr/index.html,20260513190729,,,,,,evet
/tr/aile-iliskileri,tr,archive.org,page,200,,200,301 → https://www.emdrizmir.com/tr/aile-iliskileri,301 → https://emdrizmir.com/tr/aile-iliskileri,Aile İlişkileri - EMDR İZMİR,Aile İlişkileri,,,87,,/tr/*,/,live/tr/aile-iliskileri.html,20210515233733,,,,,,
/tr/ayrilik-kaygisi,tr,archive.org,page,200,,200,301 → https://www.emdrizmir.com/tr/ayrilik-kaygisi,301 → https://emdrizmir.com/tr/ayrilik-kaygisi,Ayrılık Kaygısı - EMDR İZMİR,Ayrılık Kaygısı,,,48,,/tr/*,/,live/tr/ayrilik-kaygisi.html,20210516000939,,,,,evet,
/tr/belgelerimiz,tr,archive.org,page,200,,200,301 → https://www.emdrizmir.com/tr/belgelerimiz,301 → https://emdrizmir.com/tr/belgelerimiz,DANIŞAN AYDINLATMA METNİ - EMDR İZMİR,BELGELERİMİZ,,,777,,/tr/*,/,live/tr/belgelerimiz.html,20260513182055,,,,,,
/tr/beyin-tumorlerin-neden-oldugu-psikiyatrik-tablolar-iki-olgu-sunumu,tr,_redirects,page,200,,200,301 → https://www.emdrizmir.com/tr/beyin-tumorlerin-neden-oldugu-psikiyatrik-tablolar-iki-olgu-sunumu,301 → https://emdrizmir.com/tr/beyin-tumorlerin-neden-oldugu-psikiyatrik-tablolar-iki-olgu-sunumu,Beyin Tümörlerin Neden Olduğu Psikiyatrik Tablolar: İki Olgu Sunumu - EMDR İZMİR,Beyin Tümörlerin Neden Olduğu Psikiyatrik Tablolar: İki Olgu Sunumu,,,1855,,/tr/beyin-tumorlerin-neden-oldugu-psikiyatrik-tablolar-iki-olgu-sunumu,/#makaleler,live/tr/beyin-tumorlerin-neden-oldugu-psikiyatrik-tablolar-iki-olgu-sunumu.html,20250422160735,,,,,evet,
/tr/beyin-tumorlerin-neden-oldugu-psikiyatrik-tablolar-iki-olgu-sunumu/,tr,archive.org,page,200,,200,301 → https://www.emdrizmir.com/tr/beyin-tumorlerin-neden-oldugu-psikiyatrik-tablolar-iki-olgu-sunumu/,301 → https://emdrizmir.com/tr/beyin-tumorlerin-neden-oldugu-psikiyatrik-tablolar-iki-olgu-sunumu/,Beyin Tümörlerin Neden Olduğu Psikiyatrik Tablolar: İki Olgu Sunumu - EMDR İZMİR,Beyin Tümörlerin Neden Olduğu Psikiyatrik Tablolar: İki Olgu Sunumu,,,1855,,/tr/*,/,live/tr/beyin-tumorlerin-neden-oldugu-psikiyatrik-tablolar-iki-olgu-sunumu/index.html,20210417042347,,,,,,
/tr/bir-olgu-nedeniyle-bebek-bezi-fetisizmi,tr,_redirects,page,200,,200,301 → https://www.emdrizmir.com/tr/bir-olgu-nedeniyle-bebek-bezi-fetisizmi,301 → https://emdrizmir.com/tr/bir-olgu-nedeniyle-bebek-bezi-fetisizmi,Bir Olgu Nedeniyle Bebek Bezi Fetişizmi - EMDR İZMİR,Bir Olgu Nedeniyle Bebek Bezi Fetişizmi,,,3151,,/tr/bir-olgu-nedeniyle-bebek-bezi-fetisizmi,/#makaleler,live/tr/bir-olgu-nedeniyle-bebek-bezi-fetisizmi.html,20250422152755,,,,,evet,
/tr/bireysel-yetiskin-psikoterapisi,tr,_redirects,page,200,,200,301 → https://www.emdrizmir.com/tr/bireysel-yetiskin-psikoterapisi,301 → https://emdrizmir.com/tr/bireysel-yetiskin-psikoterapisi,BİREYSEL YETİŞKİN PSİKOTERAPİSİ - EMDR İZMİR,BİREYSEL YETİŞKİN PSİKOTERAPİSİ,,,16,,/tr/bireysel-yetiskin-psikoterapisi,/#hizmetler,live/tr/bireysel-yetiskin-psikoterapisi.html,20260513195202,,,,,evet,
/tr/blog,tr,_redirects,page,200,,200,301 → https://www.emdrizmir.com/tr/blog,301 → https://emdrizmir.com/tr/blog,BLOG - EMDR İZMİR,BLOG,,,158,,/tr/blog,/#neden,live/tr/blog.html,20260513185802,,,,,evet,evet
/tr/calisma-alanlarimiz,tr,_redirects,page,200,,200,301 → https://www.emdrizmir.com/tr/calisma-alanlarimiz,301 → https://emdrizmir.com/tr/calisma-alanlarimiz,ÇALIŞMA ALANLARIMIZ - EMDR İZMİR,Hizmetlerimiz,,,106,,/tr/calisma-alanlarimiz,/#hizmetler,live/tr/calisma-alanlarimiz.html,20260513193754,,,,,evet,evet
/tr/cift-aile-terapisi,tr,_redirects,page,200,,200,301 → https://www.emdrizmir.com/tr/cift-aile-terapisi,301 → https://emdrizmir.com/tr/cift-aile-terapisi,ÇİFT AİLE TERAPİSİ - EMDR İZMİR,ÇİFT AİLE TERAPİSİ,,,0,,/tr/cift-aile-terapisi,/#hizmetler,live/tr/cift-aile-terapisi.html,20260513185619,,,,,evet,
/tr/cinsel-sorunlar,tr,archive.org,page,200,,200,301 → https://www.emdrizmir.com/tr/cinsel-sorunlar,301 → https://emdrizmir.com/tr/cinsel-sorunlar,Cinsel Sorunlar - EMDR İZMİR,Cinsel Sorunlar,,,88,,/tr/*,/,live/tr/cinsel-sorunlar.html,20210618220405,,,,,evet,
/tr/cocuk-ve-ergen-terapisi,tr,_redirects,soft404,200,,200,301 → https://www.emdrizmir.com/tr/cocuk-ve-ergen-terapisi,301 → https://emdrizmir.com/tr/cocuk-ve-ergen-terapisi,,,,,,,/tr/cocuk-ve-ergen-terapisi,/#hizmetler,,,,,,,,
/tr/cocuk-ve-ergen-terapisi-,tr,archive.org,page,200,,200,301 → https://www.emdrizmir.com/tr/cocuk-ve-ergen-terapisi-,301 → https://emdrizmir.com/tr/cocuk-ve-ergen-terapisi-,ÇOCUK VE ERGEN TERAPİSİ - EMDR İZMİR,ÇOCUK VE ERGEN TERAPİSİ,,,0,,/tr/*,/,live/tr/cocuk-ve-ergen-terapisi-.html,20260513181617,,,,,evet,
/tr/covid-19-ve-ruhsal-degisim-olmak-ya-da-olmamak,tr,archive.org,page,200,,200,301 → https://www.emdrizmir.com/tr/covid-19-ve-ruhsal-degisim-olmak-ya-da-olmamak,301 → https://emdrizmir.com/tr/covid-19-ve-ruhsal-degisim-olmak-ya-da-olmamak,Covid-19 ve Ruhsal Değişim: Olmak ya da Olmamak! - EMDR İZMİR,Covid-19 ve Ruhsal Değişim: Olmak ya da Olmamak!,,,684,,/tr/*,/,live/tr/covid-19-ve-ruhsal-degisim-olmak-ya-da-olmamak.html,20250617104510,,,,,evet,
/tr/covid-19-ve-ruhsal-degisim-olmak-ya-da-olmamak-,tr,archive.org,soft404,200,,200,301 → https://www.emdrizmir.com/tr/covid-19-ve-ruhsal-degisim-olmak-ya-da-olmamak-,301 → https://emdrizmir.com/tr/covid-19-ve-ruhsal-degisim-olmak-ya-da-olmamak-,,,,,,,/tr/*,/,,20210308001750,wayback/tr/covid-19-ve-ruhsal-degisim-olmak-ya-da-olmamak-.html,Covid-19 ve Ruhsal Değişim: Olmak ya da Olmamak! - EMDR İZMİR,688,,,
/tr/danisan-yorumlari,tr,_redirects,page,200,,200,301 → https://www.emdrizmir.com/tr/danisan-yorumlari,301 → https://emdrizmir.com/tr/danisan-yorumlari,Danışan Yorumları - EMDR İZMİR,,,,282,,/tr/danisan-yorumlari,/,live/tr/danisan-yorumlari.html,20260513183306,,,,,evet,
/tr/davranis-bozukluklari,tr,_redirects,page,200,,200,301 → https://www.emdrizmir.com/tr/davranis-bozukluklari,301 → https://emdrizmir.com/tr/davranis-bozukluklari,Davranış Bozuklukları - EMDR İZMİR,Davranış Bozuklukları,,,43,,/tr/davranis-bozukluklari,/#hizmetler,live/tr/davranis-bozukluklari.html,20210515224432,,,,,evet,
/tr/depresyon,tr,_redirects,page,200,,200,301 → https://www.emdrizmir.com/tr/depresyon,301 → https://emdrizmir.com/tr/depresyon,Depresyon - EMDR İZMİR,Depresyon,,,58,,/tr/depresyon,/#hizmetler,live/tr/depresyon.html,20210516000231,,,,,evet,
/tr/ders-basarisizligi-ve-sinav-kaygisi,tr,archive.org,page,200,,200,301 → https://www.emdrizmir.com/tr/ders-basarisizligi-ve-sinav-kaygisi,301 → https://emdrizmir.com/tr/ders-basarisizligi-ve-sinav-kaygisi,Ders Başarısızlığı ve Sınav Kaygısı - EMDR İZMİR,Ders Başarısızlığı ve Sınav Kaygısı,,,45,,/tr/*,/,live/tr/ders-basarisizligi-ve-sinav-kaygisi.html,20210516004729,,,,,evet,
/tr/ekibimiz,tr,_redirects,page,200,,200,301 → https://www.emdrizmir.com/tr/ekibimiz,301 → https://emdrizmir.com/tr/ekibimiz,EKİBİMİZ - EMDR İZMİR,EKİBİMİZ,,,467,,/tr/ekibimiz,/#ekip,live/tr/ekibimiz.html,20260513195901,,,,,,evet
/tr/hakkimizda,tr,_redirects,page,200,,200,301 → https://www.emdrizmir.com/tr/hakkimizda,301 → https://emdrizmir.com/tr/hakkimizda,HAKKIMIZDA - EMDR İZMİR,HAKKIMIZDA,,,132,,/tr/hakkimizda,/#ekip,live/tr/hakkimizda.html,20260513182429,,,,,evet,evet
/tr/hamilelik-sureci-ve-sonrasi--depresyon,tr,archive.org,page,200,,200,301 → https://www.emdrizmir.com/tr/hamilelik-sureci-ve-sonrasi--depresyon,301 → https://emdrizmir.com/tr/hamilelik-sureci-ve-sonrasi--depresyon,Hamilelik Süreci ve Sonrası – Depresyon - EMDR İZMİR,Hamilelik Süreci ve Sonrası – Depresyon,,,44,,/tr/*,/,live/tr/hamilelik-sureci-ve-sonrasi--depresyon.html,20210516001758,,,,,evet,
/tr/hayata-baslangic-bos-bir-tahta-midir,tr,_redirects,page,200,,200,301 → https://www.emdrizmir.com/tr/hayata-baslangic-bos-bir-tahta-midir,301 → https://emdrizmir.com/tr/hayata-baslangic-bos-bir-tahta-midir,HAYATA BAŞLANGIÇ BOŞ BİR TAHTA MIDIR? - EMDR İZMİR,HAYATA BAŞLANGIÇ BOŞ BİR TAHTA MIDIR?,,,303,,/tr/hayata-baslangic-bos-bir-tahta-midir,/#makaleler,live/tr/hayata-baslangic-bos-bir-tahta-midir.html,20250617103503,,,,,evet,
/tr/iletisim,tr,_redirects,page,200,,200,301 → https://www.emdrizmir.com/tr/iletisim,301 → https://emdrizmir.com/tr/iletisim,İLETİŞİM - EMDR İZMİR,İLETİŞİM,,,41,,/tr/iletisim,/#iletisim,live/tr/iletisim.html,20260513190829,,,,,evet,evet
/tr/iliski-ve-evlilik-sorunlari,tr,archive.org,page,200,,200,301 → https://www.emdrizmir.com/tr/iliski-ve-evlilik-sorunlari,301 → https://emdrizmir.com/tr/iliski-ve-evlilik-sorunlari,İlişki ve Evlilik Sorunları - EMDR İZMİR,İlişki ve Evlilik Sorunları,,,40,,/tr/*,/,live/tr/iliski-ve-evlilik-sorunlari.html,20210515225552,,,,,evet,
/tr/is-yasamina-iliskin-sorunlar,tr,archive.org,page,200,,200,301 → https://www.emdrizmir.com/tr/is-yasamina-iliskin-sorunlar,301 → https://emdrizmir.com/tr/is-yasamina-iliskin-sorunlar,İş Yaşamına İlişkin Sorunlar - EMDR İZMİR,İş Yaşamına İlişkin Sorunlar,,,25,,/tr/*,/,live/tr/is-yasamina-iliskin-sorunlar.html,20210516002449,,,,,evet,
/tr/kaygi-bozukluklari,tr,_redirects,page,200,,200,301 → https://www.emdrizmir.com/tr/kaygi-bozukluklari,301 → https://emdrizmir.com/tr/kaygi-bozukluklari,Kaygı Bozuklukları - EMDR İZMİR,Kaygı Bozuklukları,,,174,,/tr/kaygi-bozukluklari,/#hizmetler,live/tr/kaygi-bozukluklari.html,20210515234612,,,,,evet,
/tr/kisilik-bozukluklari,tr,_redirects,page,200,,200,301 → https://www.emdrizmir.com/tr/kisilik-bozukluklari,301 → https://emdrizmir.com/tr/kisilik-bozukluklari,Kişilik Bozuklukları - EMDR İZMİR,Kişilik Bozuklukları,,,47,,/tr/kisilik-bozukluklari,/#hizmetler,live/tr/kisilik-bozukluklari.html,20210516001602,,,,,evet,
/tr/kurumsal,tr,_redirects,page,200,,200,301 → https://www.emdrizmir.com/tr/kurumsal,301 → https://emdrizmir.com/tr/kurumsal,KURUMSAL - EMDR İZMİR,KURUMSAL,,,0,,/tr/kurumsal,/#ekip,live/tr/kurumsal.html,20260513182313,,,,,evet,evet
/tr/makalelerimiz,tr,_redirects,page,200,,200,301 → https://www.emdrizmir.com/tr/makalelerimiz,301 → https://emdrizmir.com/tr/makalelerimiz,MAKALELERİMİZ - EMDR İZMİR,Makalelerimiz,,,510,,/tr/makalelerimiz,/#makaleler,live/tr/makalelerimiz.html,20260513200426,,,,,,
/tr/medya,tr,archive.org,page,200,,200,301 → https://www.emdrizmir.com/tr/medya,301 → https://emdrizmir.com/tr/medya,MEDYA - EMDR İZMİR,MEDYA,,,0,,/tr/*,/,live/tr/medya.html,20260513193958,,,,,evet,evet
/tr/neden-emdr,tr,_redirects,page,200,,200,301 → https://www.emdrizmir.com/tr/neden-emdr,301 → https://emdrizmir.com/tr/neden-emdr,Neden EMDR - EMDR İZMİR,Neden EMDR,,,317,,/tr/neden-emdr,/#neden,live/tr/neden-emdr.html,20260513192504,,,,,evet,evet
/tr/neden-emdr/,tr,archive.org,page,200,,200,301 → https://www.emdrizmir.com/tr/neden-emdr/,301 → https://emdrizmir.com/tr/neden-emdr/,Neden EMDR - EMDR İZMİR,Neden EMDR,,,317,,/tr/*,/,live/tr/neden-emdr/index.html,20260513192116,,,,,,
/tr/obsesif--kompulsif-bozukluk,tr,_redirects,page,200,,200,301 → https://www.emdrizmir.com/tr/obsesif--kompulsif-bozukluk,301 → https://emdrizmir.com/tr/obsesif--kompulsif-bozukluk,Obsesif – Kompulsif Bozukluk - EMDR İZMİR,Obsesif – Kompulsif Bozukluk,,,59,,/tr/obsesif--kompulsif-bozukluk,/#hizmetler,live/tr/obsesif--kompulsif-bozukluk.html,20210515234536,,,,,evet,
/tr/ofke-kontrolu,tr,archive.org,page,200,,200,301 → https://www.emdrizmir.com/tr/ofke-kontrolu,301 → https://emdrizmir.com/tr/ofke-kontrolu,Öfke Kontrolü - EMDR İZMİR,Öfke Kontrolü,,,66,,/tr/*,/,live/tr/ofke-kontrolu.html,20210516003134,,,,,evet,
/tr/okula-uyum,tr,archive.org,page,200,,200,301 → https://www.emdrizmir.com/tr/okula-uyum,301 → https://emdrizmir.com/tr/okula-uyum,Okula Uyum - EMDR İZMİR,Okula Uyum,,,49,,/tr/*,/,live/tr/okula-uyum.html,20210515235034,,,,,,
/tr/online-bireysel-terapi,tr,_redirects,page,200,,200,301 → https://www.emdrizmir.com/tr/online-bireysel-terapi,301 → https://emdrizmir.com/tr/online-bireysel-terapi,Online Bireysel Terapi - EMDR İZMİR,Online Bireysel Terapi,,,0,,/tr/online-bireysel-terapi,/#hizmetler,live/tr/online-bireysel-terapi.html,20260513185152,,,,,evet,evet
/tr/panik-atak,tr,_redirects,page,200,,200,301 → https://www.emdrizmir.com/tr/panik-atak,301 → https://emdrizmir.com/tr/panik-atak,Panik Atak - EMDR İZMİR,Panik Atak,,,55,,/tr/panik-atak,/#hizmetler,live/tr/panik-atak.html,20210515230947,,,,,evet,
/tr/psikosomatik-bozukluklar,tr,_redirects,page,200,,200,301 → https://www.emdrizmir.com/tr/psikosomatik-bozukluklar,301 → https://emdrizmir.com/tr/psikosomatik-bozukluklar,Psikosomatik Bozukluklar - EMDR İZMİR,Psikosomatik Bozukluklar,,,51,,/tr/psikosomatik-bozukluklar,/#hizmetler,live/tr/psikosomatik-bozukluklar.html,20210515232747,,,,,evet,
/tr/psikoterapi-ve-psikolojik-danismanlik,tr,_redirects,soft404,200,,200,301 → https://www.emdrizmir.com/tr/psikoterapi-ve-psikolojik-danismanlik,301 → https://emdrizmir.com/tr/psikoterapi-ve-psikolojik-danismanlik,,,,,,,/tr/psikoterapi-ve-psikolojik-danismanlik,/#hizmetler,,,,,,,,
/tr/psikoterapi-ve-psikolojik-danismanlik-hizmetleri,tr,archive.org,page,200,,200,301 → https://www.emdrizmir.com/tr/psikoterapi-ve-psikolojik-danismanlik-hizmetleri,301 → https://emdrizmir.com/tr/psikoterapi-ve-psikolojik-danismanlik-hizmetleri,Psikoterapi ve Psikolojik Danışmanlık Hizmetleri - EMDR İZMİR,Psikoterapi ve Psikolojik Danışmanlık Hizmetleri,,,0,,/tr/*,/,live/tr/psikoterapi-ve-psikolojik-danismanlik-hizmetleri.html,20260513195139,,,,,evet,evet
/tr/randevu-formu,tr,archive.org,page,200,,200,301 → https://www.emdrizmir.com/tr/randevu-formu,301 → https://emdrizmir.com/tr/randevu-formu,Randevu Formu - EMDR İZMİR,Randevu Formu,,,39,,/tr/*,/,live/tr/randevu-formu.html,20260513183553,,,,,evet,evet
/tr/sanal-gerceklik-vr-ile-alistirma--exposure-tedavisi,tr,archive.org,page,200,,200,301 → https://www.emdrizmir.com/tr/sanal-gerceklik-vr-ile-alistirma--exposure-tedavisi,301 → https://emdrizmir.com/tr/sanal-gerceklik-vr-ile-alistirma--exposure-tedavisi,SANAL GERÇEKLİK (VR) İLE ALIŞTIRMA (EXPOSURE) TEDAVİSİ - EMDR İZMİR,SANAL GERÇEKLİK (VR) İLE ALIŞTIRMA (EXPOSURE) TEDAVİSİ,,,0,,/tr/*,/,live/tr/sanal-gerceklik-vr-ile-alistirma--exposure-tedavisi.html,20260513192736,,,,,evet,evet
/tr/stresle-basa-cikma-ve-ofke-kontrolu,tr,archive.org,page,200,,200,301 → https://www.emdrizmir.com/tr/stresle-basa-cikma-ve-ofke-kontrolu,301 → https://emdrizmir.com/tr/stresle-basa-cikma-ve-ofke-kontrolu,Stresle Başa Çıkma ve Öfke Kontrolü - EMDR İZMİR,Stresle Başa Çıkma ve Öfke Kontrolü,,,39,,/tr/*,/,live/tr/stresle-basa-cikma-ve-ofke-kontrolu.html,20210516002146,,,,,evet,
/tr/travma-sonrasi-stres-bozuklugu,tr,_redirects,page,200,,200,301 → https://www.emdrizmir.com/tr/travma-sonrasi-stres-bozuklugu,301 → https://emdrizmir.com/tr/travma-sonrasi-stres-bozuklugu,Travma Sonrası Stres Bozukluğu - EMDR İZMİR,Travma Sonrası Stres Bozukluğu,,,65,,/tr/travma-sonrasi-stres-bozuklugu,/#hizmetler,live/tr/travma-sonrasi-stres-bozuklugu.html,20210515223710,,,,,evet,
/tr/uyum-problemleri,tr,_redirects,page,200,,200,301 → https://www.emdrizmir.com/tr/uyum-problemleri,301 → https://emdrizmir.com/tr/uyum-problemleri,Uyum Problemleri - EMDR İZMİR,Uyum Problemleri,,,34,,/tr/uyum-problemleri,/#hizmetler,live/tr/uyum-problemleri.html,20210516004329,,,,,,
/tr/videolar,tr,archive.org,page,200,,200,301 → https://www.emdrizmir.com/tr/videolar,301 → https://emdrizmir.com/tr/videolar,VİDEOLAR - EMDR İZMİR,VİDEOLAR,,,0,,/tr/*,/,live/tr/videolar.html,20260513182919,,,,,evet,
/tr/viral-ensefalite-bagli-deliryum-bir-olgu-sunumu,tr,archive.org,page,200,,200,301 → https://www.emdrizmir.com/tr/viral-ensefalite-bagli-deliryum-bir-olgu-sunumu,301 → https://emdrizmir.com/tr/viral-ensefalite-bagli-deliryum-bir-olgu-sunumu,Viral Ensefalite Bağlı Deliryum: Bir Olgu Sunumu - EMDR İZMİR,Viral Ensefalite Bağlı Deliryum: Bir Olgu Sunumu,,,2854,,/tr/*,/,live/tr/viral-ensefalite-bagli-deliryum-bir-olgu-sunumu.html,20210417050628,,,,,evet,
/tr/viral-ensefalite-bagli-deliryum-bir-olgu-sunumu/,tr,archive.org,page,200,,200,301 → https://www.emdrizmir.com/tr/viral-ensefalite-bagli-deliryum-bir-olgu-sunumu/,301 → https://emdrizmir.com/tr/viral-ensefalite-bagli-deliryum-bir-olgu-sunumu/,Viral Ensefalite Bağlı Deliryum: Bir Olgu Sunumu - EMDR İZMİR,Viral Ensefalite Bağlı Deliryum: Bir Olgu Sunumu,,,2854,,/tr/*,/,live/tr/viral-ensefalite-bagli-deliryum-bir-olgu-sunumu/index.html,20210417044824,,,,,,
/tr/viral-ensefalite-baglideliryum-bir-olgu-sunumu,tr,archive.org,soft404,200,,200,301 → https://www.emdrizmir.com/tr/viral-ensefalite-baglideliryum-bir-olgu-sunumu,301 → https://emdrizmir.com/tr/viral-ensefalite-baglideliryum-bir-olgu-sunumu,,,,,,,/tr/*,/,,20210308004012,,(boş ya da yalnızca ana sayfa kopyası),,,,
/tr/yas-sureci,tr,archive.org,page,200,,200,301 → https://www.emdrizmir.com/tr/yas-sureci,301 → https://emdrizmir.com/tr/yas-sureci,Yas Süreci - EMDR İZMİR,Yas Süreci,,,61,,/tr/*,/,live/tr/yas-sureci.html,20210515223909,,,,,evet,
/tr/yeme-bozukluklari,tr,_redirects,page,200,,200,301 → https://www.emdrizmir.com/tr/yeme-bozukluklari,301 → https://emdrizmir.com/tr/yeme-bozukluklari,Yeme Bozuklukları - EMDR İZMİR,Yeme Bozuklukları,,,51,,/tr/yeme-bozukluklari,/#hizmetler,live/tr/yeme-bozukluklari.html,20210516001913,,,,,evet,
/,,seed,home,200,,200,301 → https://www.emdrizmir.com/,301 → https://emdrizmir.com/,EMDR İZMİR,EMDR Nedir | Çalışma Alanlarımız | BİREYSEL YETİŞKİN PSİKOTERAPİSİ | ÇİFT AİLE TERAPİSİ | SANAL GERÇEKLİK (VR) İLE ALIŞTIRMA (EXPOSURE) TEDAVİSİ | Online Bireysel Terapi | Psikoterapi ve Psikolojik Danışmanlık Hizmetleri | ÇOCUK VE ERGEN TERAPİSİ | Danışan Yorumları,,,511,,,,live/index.html,20260611040827,,,,,,evet
/alkol-ve-madde-bagimliligi,,wix-2017 sitemap,404,404,,404,301 → https://www.emdrizmir.com/alkol-ve-madde-bagimliligi,301 → https://emdrizmir.com/alkol-ve-madde-bagimliligi,,,,,,,,,,,,,,,,
/bedensel-belirtilerle-giden-psikiyatrik-bozukluklarda-emdr-tedavisi,,archive.org,404,404,,404,301 → https://www.emdrizmir.com/bedensel-belirtilerle-giden-psikiyatrik-bozukluklarda-emdr-tedavisi,301 → https://emdrizmir.com/bedensel-belirtilerle-giden-psikiyatrik-bozukluklarda-emdr-tedavisi,,,,,,,,,,20190723183657,,(boş ya da yalnızca ana sayfa kopyası),,,,
/bedensel-belirtilerle-giden-psikiyatrik-bozukluklarda-emdr-tedavisi-emdr/,,archive.org,soft404,200,,200,301 → https://www.emdrizmir.com/bedensel-belirtilerle-giden-psikiyatrik-bozukluklarda-emdr-tedavisi-emdr/,301 → https://emdrizmir.com/bedensel-belirtilerle-giden-psikiyatrik-bozukluklarda-emdr-tedavisi-emdr/,,,,,,,,,,20190723182336,wayback/bedensel-belirtilerle-giden-psikiyatrik-bozukluklarda-emdr-tedavisi-emdr/index.html,Bedensel Belirtilerle Giden Psikiyatrik Bozukluklarda EMDR Tedavisi - EMDR,1337,,,evet
/belgelerimiz,,archive.org,404,404,,404,301 → https://www.emdrizmir.com/belgelerimiz,301 → https://emdrizmir.com/belgelerimiz,,,,,,,,,,20180824141158,wayback/belgelerimiz.html,Belgelerimiz - EMDR,82,,,
/belgelerimiz/,,archive.org,soft404,200,,200,301 → https://www.emdrizmir.com/belgelerimiz/,301 → https://emdrizmir.com/belgelerimiz/,,,,,,,,,,20210516003522,,(boş ya da yalnızca ana sayfa kopyası),,,,evet
/bipolar-bozukluk,,wix-2017 sitemap,404,404,,404,301 → https://www.emdrizmir.com/bipolar-bozukluk,301 → https://emdrizmir.com/bipolar-bozukluk,,,,,,,,,,,,,,,,
/bir-soru-ustune,,archive.org,404,404,,404,301 → https://www.emdrizmir.com/bir-soru-ustune,301 → https://emdrizmir.com/bir-soru-ustune,,,,,,,,,,20180824134320,wayback/bir-soru-ustune.html,Bir Soru Üstüne... - EMDR,478,,,
/bir-soru-uzerine/,,archive.org,soft404,200,,200,301 → https://www.emdrizmir.com/bir-soru-uzerine/,301 → https://emdrizmir.com/bir-soru-uzerine/,,,,,,,,,,20210515232836,,(boş ya da yalnızca ana sayfa kopyası),,,,
/blog,,archive.org,404,404,,404,301 → https://www.emdrizmir.com/blog,301 → https://emdrizmir.com/blog,,,,,,,,,,20170717051021,wayback/blog.html,EMDR | Izmir Dr. Mehmet Oğuz,0,,,
/blog/,,archive.org,soft404,200,,200,301 → https://www.emdrizmir.com/blog/,301 → https://emdrizmir.com/blog/,,,,,,,,,,20210515233440,,(boş ya da yalnızca ana sayfa kopyası),,,,
/cinsel-islev-bozukluklari,,wix-2017 sitemap,404,404,,404,301 → https://www.emdrizmir.com/cinsel-islev-bozukluklari,301 → https://emdrizmir.com/cinsel-islev-bozukluklari,,,,,,,,,,,,,,,,
/cinsel-istismara-bagli-travmalarda-emdr-terapisinin-basarisi/,,archive.org,soft404,200,,200,301 → https://www.emdrizmir.com/cinsel-istismara-bagli-travmalarda-emdr-terapisinin-basarisi/,301 → https://emdrizmir.com/cinsel-istismara-bagli-travmalarda-emdr-terapisinin-basarisi/,,,,,,,,,,20210516001524,,(boş ya da yalnızca ana sayfa kopyası),,,,
/cinsel-sorunlar-ve-cinsel-terapi/,,archive.org,soft404,200,,200,301 → https://www.emdrizmir.com/cinsel-sorunlar-ve-cinsel-terapi/,301 → https://emdrizmir.com/cinsel-sorunlar-ve-cinsel-terapi/,,,,,,,,,,20210515225433,,(boş ya da yalnızca ana sayfa kopyası),,,,
/daha-iyi-hissediyorum/,,archive.org,soft404,200,,200,301 → https://www.emdrizmir.com/daha-iyi-hissediyorum/,301 → https://emdrizmir.com/daha-iyi-hissediyorum/,,,,,,,,,,20210516003746,,(boş ya da yalnızca ana sayfa kopyası),,,,
/depresyonla-yasamak-zorunda-degiliz/,,archive.org,soft404,200,,200,301 → https://www.emdrizmir.com/depresyonla-yasamak-zorunda-degiliz/,301 → https://emdrizmir.com/depresyonla-yasamak-zorunda-degiliz/,,,,,,,,,,20210515233040,,(boş ya da yalnızca ana sayfa kopyası),,,,
/dikkat-eksikligi-hiperaktivite-bozu,,wix-2017 sitemap,404,404,,404,301 → https://www.emdrizmir.com/dikkat-eksikligi-hiperaktivite-bozu,301 → https://emdrizmir.com/dikkat-eksikligi-hiperaktivite-bozu,,,,,,,,,,,,,,,,
/ekibimiz,,archive.org,404,404,,404,301 → https://www.emdrizmir.com/ekibimiz,301 → https://emdrizmir.com/ekibimiz,,,,,,,,,,20180824140539,wayback/ekibimiz.html,Ekibimiz - EMDR,200,,,
/ekibimiz/,,archive.org,soft404,200,,200,301 → https://www.emdrizmir.com/ekibimiz/,301 → https://emdrizmir.com/ekibimiz/,,,,,,,,,,20210515233822,,(boş ya da yalnızca ana sayfa kopyası),,,,
/emdr-nedir,,archive.org,404,404,,404,301 → https://www.emdrizmir.com/emdr-nedir,301 → https://emdrizmir.com/emdr-nedir,,,,,,,,,,20180824141706,wayback/emdr-nedir.html,EMDR Nedir - EMDR,524,,,
/emdr-nedir/,,archive.org,soft404,200,,200,301 → https://www.emdrizmir.com/emdr-nedir/,301 → https://emdrizmir.com/emdr-nedir/,,,,,,,,,,20210515235343,,(boş ya da yalnızca ana sayfa kopyası),,,,evet
/emdr-nin-tanimi-ve-1980-lerden-gunumuze-dunyadaki-yeri,,archive.org,404,404,,404,301 → https://www.emdrizmir.com/emdr-nin-tanimi-ve-1980-lerden-gunumuze-dunyadaki-yeri,301 → https://emdrizmir.com/emdr-nin-tanimi-ve-1980-lerden-gunumuze-dunyadaki-yeri,,,,,,,,,,20180824133154,wayback/emdr-nin-tanimi-ve-1980-lerden-gunumuze-dunyadaki-yeri.html,EMDR’nin Tanımı ve 1980’lerden Günümüze Dünyadaki Yeri - EMDR,801,,,
/emdr-nin-tanimi-ve-1980-lerden-gunumuze-dunyadaki-yeri/,,archive.org,soft404,200,,200,301 → https://www.emdrizmir.com/emdr-nin-tanimi-ve-1980-lerden-gunumuze-dunyadaki-yeri/,301 → https://emdrizmir.com/emdr-nin-tanimi-ve-1980-lerden-gunumuze-dunyadaki-yeri/,,,,,,,,,,20210515230106,,(boş ya da yalnızca ana sayfa kopyası),,,,
/emdr-tedavisinin-ruhsal-travmalardaki-etkisi,,archive.org,404,404,,404,301 → https://www.emdrizmir.com/emdr-tedavisinin-ruhsal-travmalardaki-etkisi,301 → https://emdrizmir.com/emdr-tedavisinin-ruhsal-travmalardaki-etkisi,,,,,,,,,,20190723182116,,(boş ya da yalnızca ana sayfa kopyası),,,,
/emdr-tedavisinin-ruhsal-travmalardaki-etkisi-emdr/,,archive.org,soft404,200,,200,301 → https://www.emdrizmir.com/emdr-tedavisinin-ruhsal-travmalardaki-etkisi-emdr/,301 → https://emdrizmir.com/emdr-tedavisinin-ruhsal-travmalardaki-etkisi-emdr/,,,,,,,,,,20210515233905,,(boş ya da yalnızca ana sayfa kopyası),,,,
/emdr-terapisinde-grup-tedavisi-mumkun-mu-,,archive.org,404,404,,404,301 → https://www.emdrizmir.com/emdr-terapisinde-grup-tedavisi-mumkun-mu-,301 → https://emdrizmir.com/emdr-terapisinde-grup-tedavisi-mumkun-mu-,,,,,,,,,,20190723175106,,(boş ya da yalnızca ana sayfa kopyası),,,,
/emdr-terapisinde-grup-tedavisi-mumkun-mu/,,archive.org,soft404,200,,200,301 → https://www.emdrizmir.com/emdr-terapisinde-grup-tedavisi-mumkun-mu/,301 → https://emdrizmir.com/emdr-terapisinde-grup-tedavisi-mumkun-mu/,,,,,,,,,,20210515224911,,(boş ya da yalnızca ana sayfa kopyası),,,,
/hakkimda,,archive.org,404,404,,404,301 → https://www.emdrizmir.com/hakkimda,301 → https://emdrizmir.com/hakkimda,,,,,,,,,,20180824132124,wayback/hakkimda.html,Hakkımda - EMDR,210,,,
/hakkimizda/,,archive.org,soft404,200,,200,301 → https://www.emdrizmir.com/hakkimizda/,301 → https://emdrizmir.com/hakkimizda/,,,,,,,,,,20210516003635,,(boş ya da yalnızca ana sayfa kopyası),,,,evet
/hizmetlerimiz,,wix-2017 sitemap,404,404,,404,301 → https://www.emdrizmir.com/hizmetlerimiz,301 → https://emdrizmir.com/hizmetlerimiz,,,,,,,,,,,,,,,,
/iletisim,,archive.org,404,404,,404,301 → https://www.emdrizmir.com/iletisim,301 → https://emdrizmir.com/iletisim,,,,,,,,,,20180824151233,wayback/iletisim.html,İletişim - EMDR,100,,,
/iletisim/,,archive.org,soft404,200,,200,301 → https://www.emdrizmir.com/iletisim/,301 → https://emdrizmir.com/iletisim/,,,,,,,,,,20200718161238,wayback/iletisim/index.html,İletişim,146,,,evet
/internet-ve-oyun-bagimliligi,,wix-2017 sitemap,404,404,,404,301 → https://www.emdrizmir.com/internet-ve-oyun-bagimliligi,301 → https://emdrizmir.com/internet-ve-oyun-bagimliligi,,,,,,,,,,,,,,,,
/kaygi-anksiyete-bozukluklari/,,archive.org,soft404,200,,200,301 → https://www.emdrizmir.com/kaygi-anksiyete-bozukluklari/,301 → https://emdrizmir.com/kaygi-anksiyete-bozukluklari/,,,,,,,,,,20210516000746,,(boş ya da yalnızca ana sayfa kopyası),,,,
/kaygi-bozukluklari,,wix-2017 sitemap,404,404,,404,301 → https://www.emdrizmir.com/kaygi-bozukluklari,301 → https://emdrizmir.com/kaygi-bozukluklari,,,,,,,,,,,,,,,,
/kumar-bagimliligi,,wix-2017 sitemap,404,404,,404,301 → https://www.emdrizmir.com/kumar-bagimliligi,301 → https://emdrizmir.com/kumar-bagimliligi,,,,,,,,,,,,,,,,
/madde-ve-alkol-bagimliligi-icin-yeni-populer-yontem-emdr-psikoterapisi/,,archive.org,soft404,200,,200,301 → https://www.emdrizmir.com/madde-ve-alkol-bagimliligi-icin-yeni-populer-yontem-emdr-psikoterapisi/,301 → https://emdrizmir.com/madde-ve-alkol-bagimliligi-icin-yeni-populer-yontem-emdr-psikoterapisi/,,,,,,,,,,20210516000037,,(boş ya da yalnızca ana sayfa kopyası),,,,
/makaleler,,archive.org,404,404,,404,301 → https://www.emdrizmir.com/makaleler,301 → https://emdrizmir.com/makaleler,,,,,,,,,,20180824151135,wayback/makaleler.html,Makaleler - EMDR,367,,,
/medya,,archive.org,404,404,,404,301 → https://www.emdrizmir.com/medya,301 → https://emdrizmir.com/medya,,,,,,,,,,20180824153334,wayback/medya.html,Medya - EMDR,82,,,
/medya/,,archive.org,soft404,200,,200,301 → https://www.emdrizmir.com/medya/,301 → https://emdrizmir.com/medya/,,,,,,,,,,20210515235844,,(boş ya da yalnızca ana sayfa kopyası),,,,
/neden-emdr,,archive.org,404,404,,404,301 → https://www.emdrizmir.com/neden-emdr,301 → https://emdrizmir.com/neden-emdr,,,,,,,,,,20180824144336,wayback/neden-emdr.html,Neden EMDR? - EMDR,399,,,
/neden-emdr/,,archive.org,soft404,200,,200,301 → https://www.emdrizmir.com/neden-emdr/,301 → https://emdrizmir.com/neden-emdr/,,,,,,,,,,20210516003332,,(boş ya da yalnızca ana sayfa kopyası),,,,
/obsesif-kompulsif-bozukluk,,wix-2017 sitemap,404,404,,404,301 → https://www.emdrizmir.com/obsesif-kompulsif-bozukluk,301 → https://emdrizmir.com/obsesif-kompulsif-bozukluk,,,,,,,,,,,,,,,,
/oegrenme-bozukluklari,,wix-2017 sitemap,404,404,,404,301 → https://www.emdrizmir.com/oegrenme-bozukluklari,301 → https://emdrizmir.com/oegrenme-bozukluklari,,,,,,,,,,,,,,,,
/online-randevu-al,,archive.org,404,404,,404,301 → https://www.emdrizmir.com/online-randevu-al,301 → https://emdrizmir.com/online-randevu-al,,,,,,,,,,20190723192201,,(boş ya da yalnızca ana sayfa kopyası),,,,
/panik-atak/,,archive.org,soft404,200,,200,301 → https://www.emdrizmir.com/panik-atak/,301 → https://emdrizmir.com/panik-atak/,,,,,,,,,,20210515230855,,(boş ya da yalnızca ana sayfa kopyası),,,,
/panik-bozukluk,,wix-2017 sitemap,404,404,,404,301 → https://www.emdrizmir.com/panik-bozukluk,301 → https://emdrizmir.com/panik-bozukluk,,,,,,,,,,,,,,,,
/psikiyatri-2,,archive.org,404,404,,404,301 → https://www.emdrizmir.com/psikiyatri-2,301 → https://emdrizmir.com/psikiyatri-2,,,,,,,,,,20190723183137,,(boş ya da yalnızca ana sayfa kopyası),,,,
/psikiyatri-nedir-psikiyatrist-kimdir/,,archive.org,soft404,200,,200,301 → https://www.emdrizmir.com/psikiyatri-nedir-psikiyatrist-kimdir/,301 → https://emdrizmir.com/psikiyatri-nedir-psikiyatrist-kimdir/,,,,,,,,,,20210516001445,,(boş ya da yalnızca ana sayfa kopyası),,,,
/randevu,,wix-2017 sitemap,404,404,,404,301 → https://www.emdrizmir.com/randevu,301 → https://emdrizmir.com/randevu,,,,,,,,,,,,,,,,
/seans-sureleri-ve-sikligi,,archive.org,404,404,,404,301 → https://www.emdrizmir.com/seans-sureleri-ve-sikligi,301 → https://emdrizmir.com/seans-sureleri-ve-sikligi,,,,,,,,,,20180824130457,wayback/seans-sureleri-ve-sikligi.html,Seans Süreleri ve Sıklığı - EMDR,185,,,
/seans-sureleri-ve-sikligi/,,archive.org,soft404,200,,200,301 → https://www.emdrizmir.com/seans-sureleri-ve-sikligi/,301 → https://emdrizmir.com/seans-sureleri-ve-sikligi/,,,,,,,,,,20210516004404,,(boş ya da yalnızca ana sayfa kopyası),,,,
/sema-terapisi-nedir-nasil-uygulanir-,,archive.org,404,404,,404,301 → https://www.emdrizmir.com/sema-terapisi-nedir-nasil-uygulanir-,301 → https://emdrizmir.com/sema-terapisi-nedir-nasil-uygulanir-,,,,,,,,,,20190723181337,,(boş ya da yalnızca ana sayfa kopyası),,,,
/sema-terapisi-nedir-nasil-uygulanir/,,archive.org,soft404,200,,200,301 → https://www.emdrizmir.com/sema-terapisi-nedir-nasil-uygulanir/,301 → https://emdrizmir.com/sema-terapisi-nedir-nasil-uygulanir/,,,,,,,,,,20210516002907,,(boş ya da yalnızca ana sayfa kopyası),,,,
/single-post/2017/02/15/Ho%C5%9Fgeldiniz-karde%C5%9Flerim,,archive.org,soft404,200,,200,301 → https://www.emdrizmir.com/single-post/2017/02/15/Ho%c5%9fgeldiniz-karde%c5%9flerim,301 → https://emdrizmir.com/single-post/2017/02/15/Ho%c5%9fgeldiniz-karde%c5%9flerim,,,,,,,,,,20170717061719,wayback/single-post/2017/02/15/Hoşgeldiniz-kardeşlerim.html,EMDR | Izmir Dr. Mehmet Oğuz,0,wayback/wix-2017/2017-02-15_Hoşgeldiniz-kardeşlerim.md,,
/single-post/2017/02/19/EMDR-nedir-diye-soranlara-san%C4%B1r%C4%B1m-bu-makale-bir%C5%9Feyler-anlat%C4%B1r-EMDR-travmatikac%C4%B1-an%C4%B1lar%C4%B1-silmez-yeniden-anlamland%C4%B1r%C4%B1r,,wix-2017 feed,soft404,200,,200,301 → https://www.emdrizmir.com/single-post/2017/02/19/EMDR-nedir-diye-soranlara-san%c4%b1r%c4%b1m-bu-makale-bir%c5%9feyler-anlat%c4%b1r-EMDR-travmatikac%c4%b1-an%c4%b1lar%c4%b1-silmez-yeniden-anlamland%c4%b1r%c4%b1r,301 → https://emdrizmir.com/single-post/2017/02/19/EMDR-nedir-diye-soranlara-san%c4%b1r%c4%b1m-bu-makale-bir%c5%9feyler-anlat%c4%b1r-EMDR-travmatikac%c4%b1-an%c4%b1lar%c4%b1-silmez-yeniden-anlamland%c4%b1r%c4%b1r,,,,,,,,,,,,,,wayback/wix-2017/2017-02-19_EMDR-nedir-diye-soranlara-sanırım-bu-makale-birşeyler-anlatır-EMDR-travmatikacı-.md,,
/single-post/2017/03/17/Ben-iyi-bir-terapist-de%C4%9Filim,,wix-2017 feed,soft404,200,,200,301 → https://www.emdrizmir.com/single-post/2017/03/17/Ben-iyi-bir-terapist-de%c4%9filim,301 → https://emdrizmir.com/single-post/2017/03/17/Ben-iyi-bir-terapist-de%c4%9filim,,,,,,,,,,,,,,wayback/wix-2017/2017-03-17_Ben-iyi-bir-terapist-değilim.md,,
/single-post/2017/03/26/Seans-%C3%9Ccretleri,,archive.org,soft404,200,,200,301 → https://www.emdrizmir.com/single-post/2017/03/26/Seans-%c3%9ccretleri,301 → https://emdrizmir.com/single-post/2017/03/26/Seans-%c3%9ccretleri,,,,,,,,,,20170717055225,wayback/single-post/2017/03/26/Seans-Ücretleri.html,EMDR | Izmir Dr. Mehmet Oğuz,0,wayback/wix-2017/2017-03-26_Seans-Ücretleri.md,,
/single-post/2017/03/27/Bir-Soru-%C3%9Cst%C3%BCne,,wix-2017 feed,soft404,200,,200,301 → https://www.emdrizmir.com/single-post/2017/03/27/Bir-Soru-%c3%9cst%c3%bcne,301 → https://emdrizmir.com/single-post/2017/03/27/Bir-Soru-%c3%9cst%c3%bcne,,,,,,,,,,,,,,wayback/wix-2017/2017-03-27_Bir-Soru-Üstüne.md,,
/single-post/2017/04/02/SEANS-S%C3%9CRELER%C4%B0-VE-SIKLI%C4%9EI,,archive.org,soft404,200,,200,301 → https://www.emdrizmir.com/single-post/2017/04/02/SEANS-S%c3%9cRELER%c4%b0-VE-SIKLI%c4%9eI,301 → https://emdrizmir.com/single-post/2017/04/02/SEANS-S%c3%9cRELER%c4%b0-VE-SIKLI%c4%9eI,,,,,,,,,,20170717055310,wayback/single-post/2017/04/02/SEANS-SÜRELERİ-VE-SIKLIĞI.html,EMDR | Izmir Dr. Mehmet Oğuz,0,wayback/wix-2017/2017-04-02_SEANS-SÜRELERİ-VE-SIKLIĞI.md,,
/single-post/2017/04/03/Neden-EMDR,,archive.org,soft404,200,,200,301 → https://www.emdrizmir.com/single-post/2017/04/03/Neden-EMDR,301 → https://emdrizmir.com/single-post/2017/04/03/Neden-EMDR,,,,,,,,,,20170717061817,wayback/single-post/2017/04/03/Neden-EMDR.html,EMDR | Izmir Dr. Mehmet Oğuz,0,wayback/wix-2017/2017-04-03_Neden-EMDR.md,,
/single-post/2017/04/19/S%C4%B1ran-geldi%C4%9Finde-en-parlak-sen-olursun,,wix-2017 feed,soft404,200,,200,301 → https://www.emdrizmir.com/single-post/2017/04/19/S%c4%b1ran-geldi%c4%9finde-en-parlak-sen-olursun,301 → https://emdrizmir.com/single-post/2017/04/19/S%c4%b1ran-geldi%c4%9finde-en-parlak-sen-olursun,,,,,,,,,,,,,,wayback/wix-2017/2017-04-19_Sıran-geldiğinde-en-parlak-sen-olursun.md,,
/sizofreni-ve-psikotik-bozukluklar,,wix-2017 sitemap,404,404,,404,301 → https://www.emdrizmir.com/sizofreni-ve-psikotik-bozukluklar,301 → https://emdrizmir.com/sizofreni-ve-psikotik-bozukluklar,,,,,,,,,,,,,,,,
/soner-yalcin-in-karakutu-isimli-kitabina-psikiyatri-ve-psikoloji-bilimi-adina-tepkimiz/,,archive.org,soft404,200,,200,301 → https://www.emdrizmir.com/soner-yalcin-in-karakutu-isimli-kitabina-psikiyatri-ve-psikoloji-bilimi-adina-tepkimiz/,301 → https://emdrizmir.com/soner-yalcin-in-karakutu-isimli-kitabina-psikiyatri-ve-psikoloji-bilimi-adina-tepkimiz/,,,,,,,,,,20200925101645,wayback/soner-yalcin-in-karakutu-isimli-kitabina-psikiyatri-ve-psikoloji-bilimi-adina-tepkimiz/index.html,Soner Yalçın’ın Karakutu isimli kitabına Psikiyatri ve Psikoloji Bilimi adına tepkimiz,174,,,
/sorulafr,,archive.org,404,404,,404,301 → https://www.emdrizmir.com/sorulafr,301 → https://emdrizmir.com/sorulafr,,,,,,,,,,20170707072447,wayback/sorulafr.html,EMDR | Izmir Dr. Mehmet Oğuz,0,,,
/sosyal-fobi-tedavisinde-emdr-gucu,,archive.org,404,404,,404,301 → https://www.emdrizmir.com/sosyal-fobi-tedavisinde-emdr-gucu,301 → https://emdrizmir.com/sosyal-fobi-tedavisinde-emdr-gucu,,,,,,,,,,20190723175100,,(boş ya da yalnızca ana sayfa kopyası),,,,
/sosyal-fobi-tedavisinde-emdr-gucu-emdr/,,archive.org,soft404,200,,200,301 → https://www.emdrizmir.com/sosyal-fobi-tedavisinde-emdr-gucu-emdr/,301 → https://emdrizmir.com/sosyal-fobi-tedavisinde-emdr-gucu-emdr/,,,,,,,,,,20210515223434,,(boş ya da yalnızca ana sayfa kopyası),,,,
/travma-sonrasi-stres-bozuklugiu,,archive.org,404,404,,404,301 → https://www.emdrizmir.com/travma-sonrasi-stres-bozuklugiu,301 → https://emdrizmir.com/travma-sonrasi-stres-bozuklugiu,,,,,,,,,,20170717055200,wayback/travma-sonrasi-stres-bozuklugiu.html,EMDR | Izmir Dr. Mehmet Oğuz,0,,,
/tssb,,wix-2017 sitemap,404,404,,404,301 → https://www.emdrizmir.com/tssb,301 → https://emdrizmir.com/tssb,,,,,,,,,,,,,,,,
/uyum-bozukluklari,,wix-2017 sitemap,404,404,,404,301 → https://www.emdrizmir.com/uyum-bozukluklari,301 → https://emdrizmir.com/uyum-bozukluklari,,,,,,,,,,,,,,,,
/yeme-bozukluklari,,wix-2017 sitemap,404,404,,404,301 → https://www.emdrizmir.com/yeme-bozukluklari,301 → https://emdrizmir.com/yeme-bozukluklari,,,,,,,,,,,,,,,,
/yuksek-duzeydeki-sinav-kaygisi-ile-bas-etmenin-yollari,,archive.org,404,404,,404,301 → https://www.emdrizmir.com/yuksek-duzeydeki-sinav-kaygisi-ile-bas-etmenin-yollari,301 → https://emdrizmir.com/yuksek-duzeydeki-sinav-kaygisi-ile-bas-etmenin-yollari,,,,,,,,,,20190723180605,,(boş ya da yalnızca ana sayfa kopyası),,,,
/yuksek-duzeydeki-sinav-kaygisi-ile-bas-etmenin-yollari-ve-emdr-emdr/,,archive.org,soft404,200,,200,301 → https://www.emdrizmir.com/yuksek-duzeydeki-sinav-kaygisi-ile-bas-etmenin-yollari-ve-emdr-emdr/,301 → https://emdrizmir.com/yuksek-duzeydeki-sinav-kaygisi-ile-bas-etmenin-yollari-ve-emdr-emdr/,,,,,,,,,,20210515231414,,(boş ya da yalnızca ana sayfa kopyası),,,,
