engine,host,path,shown_title
google,www.emdrizmir.com,/tr/is-yasamina-iliskin-sorunlar,İş Yaşamına İlişkin Sorunlar
google,www.emdrizmir.com,/en/problems-regarding-business-life,Problems Regarding Business Life - EMDR IZMIR
google,www.emdrizmir.com,/en/course-failure-and-exam-anxiety,Course Failure And Exam Anxiety - EMDR IZMIR
google,www.emdrizmir.com,/tr/ders-basarisizligi-ve-sinav-kaygisi,Ders Başarısızlığı ve Sınav Kaygısı
google,www.emdrizmir.com,/tr/hayata-baslangic-bos-bir-tahta-midir,HAYATA BAŞLANGIÇ BOŞ BİR TAHTA MIDIR?
google,www.emdrizmir.com,/tr/viral-ensefalite-bagli-deliryum-bir-olgu-sunumu,Viral Ensefalite Bağlı Deliryum: Bir Olgu Sunumu
google,www.emdrizmir.com,/tr/stresle-basa-cikma-ve-ofke-kontrolu,Stresle Başa Çıkma ve Öfke Kontrolü
google,www.emdrizmir.com,/tr/hamilelik-sureci-ve-sonrasi--depresyon,Hamilelik Süreci ve Sonrası – Depresyon
google,www.emdrizmir.com,/tr/covid-19-ve-ruhsal-degisim-olmak-ya-da-olmamak,Covid-19 ve Ruhsal Değişim: Olmak ya da Olmamak!
google,www.emdrizmir.com,/en/the-pregnancy-process-and-its-consequences---depression,The Pregnancy Process and Its Consequences - Depression
google,www.emdrizmir.com,/en/articles,ARTICLES - EMDR IZMIR
google,www.emdrizmir.com,/en/videos,VIDEOS - EMDR IZMIR
google,www.emdrizmir.com,/tr/blog,BLOG
google,www.emdrizmir.com,/tr/iletisim,İLETİŞİM
google,www.emdrizmir.com,/tr/hakkimizda,HAKKIMIZDA
google,www.emdrizmir.com,/tr/videolar,VİDEOLAR
google,www.emdrizmir.com,/en/blog,BLOG - EMDR IZMIR
google,emdrizmir.com,/de/uber-uns,ÜBER UNS - EMDR IZMIR
google,www.emdrizmir.com,/tr/kurumsal,KURUMSAL
google,emdrizmir.com,/de/unsere-studienbereiche,UNSERE STUDIENBEREICHE - EMDR IZMIR
google,www.emdrizmir.com,/en/contact,CONTACT - EMDR IZMIR
google,www.emdrizmir.com,/tr/depresyon,Depresyon
google,www.emdrizmir.com,/en/documents,DOCUMENTS - EMDR IZMIR
google,www.emdrizmir.com,/en/corporate,CORPORATE - EMDR IZMIR
google,www.emdrizmir.com,/tr/medya,MEDYA
google,www.emdrizmir.com,/en/media,MEDIA - EMDR IZMIR
google,emdrizmir.com,/de/unsere-dokumente,UNSERE DOKUMENTE - EMDR IZMIR
google,www.emdrizmir.com,/en/our-team,OUR TEAM - EMDR IZMIR
google,www.emdrizmir.com,/en/client-comments,Client Comments - EMDR IZMIR
google,www.emdrizmir.com,/tr/neden-emdr,Neden EMDR
google,www.emdrizmir.com,/tr/danisan-yorumlari,Danışan Yorumları
google,www.emdrizmir.com,/en/about-us,ABOUT US - EMDR IZMIR
google,www.emdrizmir.com,/en/anxiety-disorders,Anxiety Disorders - EMDR IZMIR
google,www.emdrizmir.com,/tr/calisma-alanlarimiz,ÇALIŞMA ALANLARIMIZ
google,www.emdrizmir.com,/en/separation-anxiety,Separation Anxiety - EMDR IZMIR
google,www.emdrizmir.com,/en/psychosomatic-disorders,Psychosomatic Disorders - EMDR IZMIR
google,www.emdrizmir.com,/en/personality-disorder,Personality Disorder - EMDR IZMIR
google,www.emdrizmir.com,/tr/kaygi-bozukluklari,Kaygı Bozuklukları
google,www.emdrizmir.com,/tr/randevu-formu,Randevu Formu
google,www.emdrizmir.com,/tr/psikosomatik-bozukluklar,Psikosomatik Bozukluklar
google,www.emdrizmir.com,/tr/ofke-kontrolu,Öfke Kontrolü
google,www.emdrizmir.com,/tr/davranis-bozukluklari,Davranış Bozuklukları
google,www.emdrizmir.com,/en/adaptation-problems,Adaptation Problems - EMDR IZMIR
google,www.emdrizmir.com,/tr/ayrilik-kaygisi,Ayrılık Kaygısı
google,www.emdrizmir.com,/tr/cinsel-sorunlar,Cinsel Sorunlar
google,www.emdrizmir.com,/tr/yeme-bozukluklari,Yeme Bozuklukları
google,www.emdrizmir.com,/tr/yas-sureci,Yas Süreci
google,www.emdrizmir.com,/tr/panik-atak,Panik Atak
google,www.emdrizmir.com,/en/study-areas,STUDY AREAS - EMDR IZMIR
google,www.emdrizmir.com,/en/panic-attack,Panic Attack - EMDR IZMIR
google,www.emdrizmir.com,/tr/kisilik-bozukluklari,Kişilik Bozuklukları
google,www.emdrizmir.com,/en/behaviour-disorders,Behaviour Disorders - EMDR IZMIR
google,emdrizmir.com,/de/online-bireysel-terapi,- EMDR IZMIR
google,www.emdrizmir.com,/en/why--emdr,WHY EMDR - EMDR IZMIR
google,www.emdrizmir.com,/tr/cift-aile-terapisi,ÇİFT AİLE TERAPİSİ
google,emdrizmir.com,/tr/cocuk-ve-ergen-terapisi-,ÇOCUK VE ERGEN TERAPİSİ
google,www.emdrizmir.com,/tr/online-bireysel-terapi,Online Bireysel Terapi
google,www.emdrizmir.com,/tr/bireysel-yetiskin-psikoterapisi,BİREYSEL YETİŞKİN PSİKOTERAPİSİ
google,www.emdrizmir.com,/tr/travma-sonrasi-stres-bozuklugu,Travma Sonrası Stres Bozukluğu
google,www.emdrizmir.com,/tr/obsesif--kompulsif-bozukluk,Obsesif – Kompulsif Bozukluk
google,www.emdrizmir.com,/tr/iliski-ve-evlilik-sorunlari,İlişki ve Evlilik Sorunları
google,www.emdrizmir.com,/tr/psikoterapi-ve-psikolojik-danismanlik-hizmetleri,Psikoterapi ve Psikolojik Danışmanlık Hizmetleri
google,www.emdrizmir.com,/en/diaper-fetishism-due-to-a-case,Diaper Fetishism Due to A Case - EMDR IZMIR
google,www.emdrizmir.com,/tr/bir-olgu-nedeniyle-bebek-bezi-fetisizmi,Bir Olgu Nedeniyle Bebek Bezi Fetişizmi
google,www.emdrizmir.com,/de/psikoterapi-ve-psikolojik-danismanlik-hizmetleri,- EMDR IZMIR
google,www.emdrizmir.com,/en/delirium-due-to-viral-encephalitis-a-case-report,Delirium Due to Viral Encephalitis: A Case Report
google,www.emdrizmir.com,/en/caused-by-brain-tumors-psychiatric-tables-two-case-reports,Caused by Brain Tumors Psychiatric Tables: Two Case ...
google,www.emdrizmir.com,/tr/beyin-tumorlerin-neden-oldugu-psikiyatrik-tablolar-iki-olgu-sunumu,Beyin Tümörlerin Neden Olduğu Psikiyatrik Tablolar
google,www.emdrizmir.com,/tr/sanal-gerceklik-vr-ile-alistirma--exposure-tedavisi,SANAL GERÇEKLİK (VR) İLE ALIŞTIRMA (EXPOSURE) ...
google,www.emdrizmir.com,/en/,EMDR IZMIR
google,www.emdrizmir.com,/en/eating-disorders,Eating Disorders - EMDR IZMIR
google,www.emdrizmir.com,/en/the-mourning-process,The Mourning Process - EMDR IZMIR
google,www.emdrizmir.com,/en/relationship-and-marriage-problems,Relationship and Marriage Problems - EMDR IZMIR
google,emdrizmir.com,/de/kontakt,KONTAKT - EMDR IZMIR
google,emdrizmir.com,/de/medien,MEDIEN - EMDR IZMIR
google,emdrizmir.com,/de/unser-team,UNSER TEAM - EMDR IZMIR
google,emdrizmir.com,/de/unsere-artikel,UNSERE ARTIKEL - EMDR IZMIR
google,www.emdrizmir.com,/de/,EMDR IZMIR
duckduckgo,emdrizmir.com,/,Emdr İzmi̇r
duckduckgo,www.emdrizmir.com,/emdr-nedir/,Emdr İzmi̇r
duckduckgo,www.emdrizmir.com,/en/,Emdr Izmir
duckduckgo,www.emdrizmir.com,/tr/hakkimizda,Hakkimizda - Emdr İzmi̇r
duckduckgo,www.emdrizmir.com,/iletisim/,Emdr İzmi̇r
duckduckgo,www.emdrizmir.com,/tr/iletisim,İleti̇şi̇m - Emdr İzmi̇r
duckduckgo,www.emdrizmir.com,/bedensel-belirtilerle-giden-psikiyatrik-bozukluklarda-emdr-tedavisi-emdr/,Emdr İzmi̇r
duckduckgo,www.emdrizmir.com,/tr/kurumsal,Kurumsal - Emdr İzmi̇r
duckduckgo,emdrizmir.com,/tr/online-bireysel-terapi,Online Bireysel Terapi - EMDR İZMİR
duckduckgo,www.emdrizmir.com,/en/about-us,About Us - Emdr Izmir
duckduckgo,www.emdrizmir.com,/tr/,Emdr İzmi̇r
duckduckgo,emdrizmir.com,/tr/psikoterapi-ve-psikolojik-danismanlik-hizmetleri,Psikoterapi ve Psikolojik Danışmanlık Hizmetleri - EMDR İZMİR
duckduckgo,www.emdrizmir.com,/tr/calisma-alanlarimiz,Çalişma Alanlarimiz - Emdr İzmi̇r
duckduckgo,www.emdrizmir.com,/en/contact,Contact - Emdr Izmir
duckduckgo,emdrizmir.com,/tr/sanal-gerceklik-vr-ile-alistirma--exposure-tedavisi,Sanal Gerçekli̇k (Vr) İle Aliştirma (Exposure) Tedavi̇si̇
duckduckgo,www.emdrizmir.com,/hakkimizda/,Emdr İzmi̇r
duckduckgo,www.emdrizmir.com,/tr/neden-emdr,Neden EMDR - EMDR İZMİR
duckduckgo,www.emdrizmir.com,/belgelerimiz/,Emdr İzmi̇r
duckduckgo,www.emdrizmir.com,/tr/randevu-formu,Randevu Formu - EMDR İZMİR
duckduckgo,www.emdrizmir.com,/tr/medya,Medya - Emdr İzmi̇r
duckduckgo,www.emdrizmir.com,/en/blog,Blog - Emdr Izmir
duckduckgo,www.emdrizmir.com,/en/institution,Emdr Izmir
duckduckgo,www.emdrizmir.com,/tr/ekibimiz,Eki̇bi̇mi̇z - Emdr İzmi̇r
duckduckgo,www.emdrizmir.com,/tr/blog,Blog - Emdr İzmi̇r
duckduckgo,www.emdrizmir.com,/en/why--emdr,Why Emdr - Emdr Izmir
